AssetManager,TampRIAPlatform,SponsorFirm,SponsorFirmId,AdvisoryPlatform,SmaStrategy,MorningstarStrategyId,SmaProductType,MorningstarClass,MorningstarClassId,ManagerClass,TotalAccounts,1Q 2016 a,1Q 2016 g,1Q 2016 r,1Q 2016 n,1Q 2016 d,2Q 2016 a,2Q 2016 g,2Q 2016 r,2Q 2016 n,2Q 2016 d,3Q 2016 a,3Q 2016 g,3Q 2016 r,3Q 2016 n,3Q 2016 d,4Q 2016 a,4Q 2016 g,4Q 2016 r,4Q 2016 n,4Q 2016 d,1Q 2017 a,1Q 2017 g,1Q 2017 r,1Q 2017 n,1Q 2017 d,2Q 2017 a,2Q 2017 g,2Q 2017 r,2Q 2017 n,2Q 2017 d,3Q 2017 a,3Q 2017 g,3Q 2017 r,3Q 2017 n,3Q 2017 d,4Q 2017 a,4Q 2017 g,4Q 2017 r,4Q 2017 n,4Q 2017 d,1Q 2018 a,1Q 2018 g,1Q 2018 r,1Q 2018 n,1Q 2018 d
Brandes,BMO Nesbitt Burns,BMO Nesbitt Burns,,Architect Program,Global Equity,F00000V6WS,Model Delivery,Foreign Equity - World Large Value,,,214,79.130732,0,-2.037719,-2.037719,0,74.78399,0,-3.297182,-3.297182,0,18.075473,0,-23.508001,-23.508001,0,60.106054,0,-11.151015,-11.151015,0,65.421941,0,0,0,0,65.24179,0,0,0,0,67.11639,0,0,0,0,60.629197,0,0,0,0,55.952387,0,0,0,0
Brandes,BMO Nesbitt Burns,BMO Nesbitt Burns,,Architect Program,International Equity,F00000V6WT,Model Delivery,Foreign Equity - International All-Cap Value,,,43,15.412156,0,0,0,0,8.131501,0,-0.342677,-0.342677,0,3.508341,0,-3.177995,-3.177995,0,13.670462,0,-3.513066,-3.513066,0,13.895352,0,0,0,0,13.873693,0,0,0,0,12.160886,0,0,0,0,11.587104,0,0,0,0,12.794682,0,0,0,0
Brandes,BMO Nesbitt Burns,BMO Nesbitt Burns,,Architect Program,U.S. Value Equity,F00000V6WV,Model Delivery,Domestic Equity - All-Cap Value,,,96,23.966876,0,-0.389063,-0.389063,0,13.724201,0,-1.451449,-1.451449,0,5.610859,0,-4.902589,-4.902589,0,26.188204,0,-5.114426,-5.114426,0,25.247563,0,0,0,0,25.524478,0,0,0,0,22.919528,0,0,0,0,21.597847,0,0,0,0,21.616297,0,0,0,0
Brandes,Charles Schwab,Charles Schwab,,Managed Account Access,Core Plus Fixed Income,F00000V7EP,Sub Advisory Wrap,Domestic Taxable Bond - Core Plus Bond,,,7,4.979735015,0,-0.79564154,-0.79564154,0,4.303148,0.004757,-1.15430162,-1.14954462,0,4.161319,0.25,-0.45090208,-0.20090208,0,4.081512,0,-0.007,-0.007,0,4.114219,0,-0.24061709,-0.24061709,0,4.152084,0,0,0,0,4.174616,0.24199767,-0.41595673,-0.17395906,0,3.996969,0,0,0,0,4.007662,0.05,-0.31028192,-0.26028192,0
Brandes,Charles Schwab,Charles Schwab,,Managed Account Marketplace,Core Plus Fixed Income,F00000V7EP,Dual Contract,Domestic Taxable Bond - Core Plus Bond,,,1,0.10884145,0,0,0,0,0.11217062,0,0,0,0,0.1141082,0,0,0,0,0.11250498,0,0,0,0,0.11360173,0,0,0,0,0.11495319,0,0,0,0,0.1158339,0,0,0,0,0.11598141,0,0,0,0,0.11513763,0,0,0,0
Brandes,Charles Schwab,Charles Schwab,,Managed Account Marketplace,Emerging Markets Equity,SAUSA004TO,Dual Contract,Foreign Equity - Emerging Mkt Equity - Unhedged,,,11,7.75496536,0.1,-0.00577194,0.09422806,0,8.75457032,0,-0.00864883,-0.00864883,0,9.30351736,0.00006271,-0.00932806,-0.00926535,0,9.40059718,0.00003525,-0.00994001,-0.00990476,0,10.20988372,0.00002288,-0.0143296,-0.01430672,0,10.50641839,0.04,-0.0108322,0.0291678,0,12.1128643,0.39760632,-0.0115862,0.38602012,0,12.10339828,0,-0.01351351,-0.01351351,0,12.2256713,0,-0.01335142,-0.01335142,0
Brandes,Charles Schwab,Charles Schwab,,Managed Account Marketplace,Emerging Markets Value Equity,F00000V60L,Dual Contract,Foreign Equity - Diversified Emerging Markets,,,1,0.23185939,0,0,0,0,0.2348355,0,0,0,0,0.25416928,0,0,0,0,0.26142458,0,0,0,0,0.28671821,0,0,0,0,0.2915058,0,0,0,0,0.32375795,0,0,0,0,0.33161936,0,0,0,0,0.14418931,0,-0.2000085,-0.2000085,0
Brandes,Charles Schwab,Charles Schwab,,Managed Account Access,Emerging Markets Value Equity,F00000V60L,Sub Advisory Wrap,Foreign Equity - Diversified Emerging Markets,,,1,0,0,0,0,0,0,0,0,0,0,0,0,0,0,0,0,0,0,0,0,0,0,0,0,0,0.390962,0,0,0,0,0.430343,0,0,0,0,0.44737,0,0,0,0,0.44483,0,0,0,0
Brandes,Charles Schwab,Charles Schwab,,Managed Account Access,Enhanced Income ,F00000V7EQ,Sub Advisory Wrap,Balanced (Allocation) - Conservative Allocation,,,36,15.85236665,0.03270013,-0.42876974,-0.39606961,0,12.138289,0.267,-4.31662659,-4.04962659,0,12.440802,0.05,-0.042586,0.007414,0,12.455955,0.525,-0.54953505,-0.02453505,0,12.943407,1.08249094,-0.90573654,0.1767544,0,12.761116,0,-0.3884623,-0.3884623,0,13.094757,0.38855682,-0.30363103,0.08492579,0,13.760836,0.649578,-0.16395448,0.48562352,0,13.947802,0.41660404,-0.05672621,0.35987783,0
Brandes,Charles Schwab,Charles Schwab,,Managed Account Marketplace,Enhanced Income ,F00000V7EQ,Dual Contract,Balanced (Allocation) - Conservative Allocation,,,1,0.44216719,0,0,0,0,0.45563454,0,0,0,0,0.468687,0,0,0,0,0.47281782,0,0,0,0,0.48271853,0,0,0,0,0.49314143,0,0,0,0,0.50522716,0,0,0,0,0.51335883,0,0,0,0,0.51027364,0,0,0,0
Brandes,Charles Schwab,Charles Schwab,,Managed Account Marketplace,European Equity,F00000V9MK,Dual Contract,Foreign Equity - Europe,,,2,0.6389738,0,0,0,0,0,0,0,0,0,0.63628677,0,0,0,0,0.65481022,0,0,0,0,0.68043987,0,0,0,0,0.69287489,0,0,0,0,0.72772226,0,0,0,0,0.72570095,0,0,0,0,0.30811719,0,-0.4359998,-0.4359998,0
Brandes,Charles Schwab,Charles Schwab,,Managed Account Marketplace,Global Balanced,F00000V7ER,Dual Contract,Balanced (Allocation) - Global Allocation (Global Balanced),,,7,5.11348981,0,-0.07538628,-0.07538628,0,5.0439103,0,-0.05643432,-0.05643432,0,5.17661998,0,-0.02513474,-0.02513474,0,5.3024937,0,-0.05863657,-0.05863657,0,5.43549898,0,-0.0818819,-0.0818819,0,5.43674468,0,-0.06890921,-0.06890921,0,5.63476918,0,-0.03572186,-0.03572186,0,4.66667357,0.53376875,-0.10021702,0.43355173,0,4.11716726,0,-0.4507349,-0.4507349,0
Brandes,Charles Schwab,Charles Schwab,,Managed Account Marketplace,Global Equity,F00000V6WS,Dual Contract,Foreign Equity - World Large Value,,,45,33.62857906,0,-0.16915696,-0.16915696,0,32.48119391,0,-0.75742777,-0.75742777,0,33.36744415,0,-0.70115452,-0.70115452,0,34.18877805,0,-0.35696135,-0.35696135,0,33.58321696,0.0002093,-1.64633859,-1.64612929,0,34.02796165,0.00041699,-0.48622406,-0.48580707,0,34.80450127,0.00004174,-0.51204229,-0.51200055,0,33.89294188,0,-0.35161844,-0.35161844,0,33.66429036,0.00001459,-0.17876049,-0.1787459,0
Brandes,Charles Schwab,Charles Schwab,,Managed Account Access,Global Equity,F00000V6WS,Sub Advisory Wrap,Foreign Equity - World Large Value,,,81,19.27459795,0.15,-0.01245,0.13755,0,18.620853,0,-0.83407104,-0.83407104,0,19.533077,0.005943,-0.16321898,-0.15727598,0,18.995659,0,-1.35247926,-1.35247926,0,19.600942,0.15,-0.29558564,-0.14558564,0,19.989148,0,-0.106282,-0.106282,0,20.507651,0,-0.32028053,-0.32028053,0,21.450936,0.1,-0.104184,-0.004184,0,21.244821,0.0065,-0.32893098,-0.32243098,0
Brandes,Charles Schwab,Charles Schwab,,Managed Account Marketplace,Global Small-Mid Cap Equity,F00000V6WW,Dual Contract,Foreign Equity - World Mid Cap,,,7,11.77259765,0,-0.00247811,-0.00247811,0,11.65557993,0,-0.01308976,-0.01308976,0,12.83631771,0,-0.02798239,-0.02798239,0,13.16030714,0,-0.00863943,-0.00863943,0,14.17024367,0,-0.00897552,-0.00897552,0,14.53759267,0,-0.0091965,-0.0091965,0,15.13812016,0.25,-0.09058894,0.15941106,0,15.53213489,0.5,-0.01071094,0.48928906,0,15.01379977,0,-0.04092878,-0.04092878,0
Brandes,Charles Schwab,Charles Schwab,,Managed Account Access,Global Small-Mid Cap Equity,F00000V6WW,Sub Advisory Wrap,Foreign Equity - World Mid Cap,,,15,1.20003225,0,0,0,0,1.163191,0,0,0,0,1.254103,0,0,0,0,1.260076,0,-0.02,-0.02,0,1.412697,0.11121817,0,0.11121817,0,2.204147,0.90443983,-0.14065828,0.76378155,0,2.399489,0.15,-0.017,0.133,0,2.403731,0,0,0,0,2.379499,0.1,-0.10248314,-0.00248314,0
Brandes,Charles Schwab,Charles Schwab,,Managed Account Marketplace,International Equity,F00000V6WT,Dual Contract,Foreign Equity - International All-Cap Value,,,96,92.65239105,0.10003054,-0.2598194,-0.15978886,0,79.67429842,0.18002137,-10.49428602,-10.31426465,0,83.19668218,0.00030206,-1.78539088,-1.78508882,0,85.53943682,0.00758429,-0.97950353,-0.97191924,0,85.62820541,0.02751228,-0.81047374,-0.78296146,0,84.63897619,0.01729038,-1.91865113,-1.90136075,0,87.30721662,0.00013179,-0.29872733,-0.29859554,0,85.64954247,0.00707079,-2.31382818,-2.30675739,0,84.41684074,0.58476356,-1.09742218,-0.51265862,0
Brandes,Charles Schwab,Charles Schwab,,Managed Account Access,International Equity,F00000V6WT,Sub Advisory Wrap,Foreign Equity - International All-Cap Value,,,46,16.46632501,0,-0.31432941,-0.31432941,0,15.90821,0,-0.32469167,-0.32469167,0,16.022097,0.103,-1.00496492,-0.90196492,0,15.767876,0,-0.55993024,-0.55993024,0,12.262304,0,-0.02599325,-0.02599325,0,12.817892,0.31114611,-0.02350819,0.28763792,0,13.268472,0.37,-0.5206166,-0.1506166,0,14.379381,0.00346155,-0.65482531,-0.65136376,0,16.292505,0.40049936,-0.25,0.15049936,0
Brandes,Charles Schwab,Charles Schwab,,Managed Account Marketplace,International Small Cap Value,SAUSA003TU,Dual Contract,Foreign Equity - International Small Cap Value,,,1,0.7784632,0,0,0,0,0.75441618,0,0,0,0,0.8090403,0,0,0,0,0.82976745,0,0,0,0,0.87993181,0,0,0,0,0.90398333,0,0,0,0,0.92995255,0,0,0,0,0.93890382,0,0,0,0,0.92617144,0,0,0,0
Brandes,Charles Schwab,Charles Schwab,,Managed Account Marketplace,International Small-Mid Cap Equity,SAUSA003JE,Dual Contract,Foreign Equity - Foreign Small/Mid Value,,,0,0.41493236,0,-0.005,-0.005,0,0.39805895,0,-0.005,-0.005,0,0.4279927,0,-0.005,-0.005,0,0.41878452,0,-0.005,-0.005,0,0.43274257,0,-0.0055,-0.0055,0,0.43705995,0,-0.005,-0.005,0,0.45496713,0,0,0,0,0.44322817,0,0,0,0,0,0,-0.0894481,-0.0894481,0
Brandes,Charles Schwab,Charles Schwab,,Managed Account Marketplace,U.S. Small Cap Equity,F00000V6WU,Dual Contract,Domestic Equity - Small Value,,,1,0,0,0,0,0,0.1027964,0,0,0,0,0.10939303,0,0,0,0,0.12399706,0,0,0,0,0.12297611,0,0,0,0,0.12663975,0,0,0,0,0.12851121,0,0,0,0,0.12933614,0,0,0,0,0.12633952,0,0,0,0
Brandes,Charles Schwab,Charles Schwab,,Managed Account Marketplace,U.S. Value Equity,F00000V6WV,Dual Contract,Domestic Equity - All-Cap Value,,,10,5.84850946,0,-0.01104176,-0.01104176,0,5.83238698,0,-0.11466834,-0.11466834,0,6.11842088,0,-0.01622438,-0.01622438,0,6.65256793,0.00094123,-0.006481,-0.00553977,0,6.41319063,0,-0.3767183,-0.3767183,0,6.64364211,0,-0.01602648,-0.01602648,0,6.72023059,0,-0.02637958,-0.02637958,0,6.26231879,0,-0.07800168,-0.07800168,0,6.11799425,0,-0.03063627,-0.03063627,0
Brandes,Charles Schwab,Charles Schwab,,Managed Account Access,U.S. Value Equity,F00000V6WV,Sub Advisory Wrap,Domestic Equity - All-Cap Value,,,8,1.845625716,0,-0.28249361,-0.28249361,0,1.872755,0,-0.63060256,-0.63060256,0,1.300613,0,0,0,0,1.414279,0,0,0,0,1.426179,0,-0.04,-0.04,0,1.4617,0,-0.014789,-0.014789,0,1.093483,0,-0.37853506,-0.37853506,0,1.284345,0.00202348,-0.000312,0.00171148,0,1.249817,0,0,0,0
Brandes,CIBC Wood Gundy,CIBC Wood Gundy,,ICS Program,Global Equity,F00000V6WS,Model Delivery,Foreign Equity - World Large Value,,,481,128.0115446,0.81105192,-11.24579868,-10.43474676,0,122.19655,1.53684664,-2.865607517,-1.328760877,0,125.61879,0.240127,-4.425945382,-4.185818382,0,126.669812,0.69344889,-4.832071456,-4.138622566,0,124.018928,0.47067276,-9.187916936,-8.717244176,0,119.408909,1.04028939,-8.165225949,-7.124936559,0,120.097865,0.3788138,-4.480367723,-4.101553923,0,119.895006,0.38781454,-3.238753433,-2.850938893,0,112.80072,0.33155497,-3.180383696,-2.848828726,0
Brandes,CIBC Wood Gundy,CIBC Wood Gundy,,ICS Program,International Equity,F00000V6WT,Model Delivery,Foreign Equity - International All-Cap Value,,,50,4.376250725,0.05,-0.59009463,-0.54009463,0,3.976119,0,0,0,0,4.339556,0,-0.220113369,-0.220113369,0,3.932725,0.4082048,-0.996589545,-0.588384745,0,3.844288,1.12,-0.985388324,0.134611676,0,5.257959,1.81250187,-0.01,1.80250187,0,5.727691,0.242,-0.008,0.234,0,6.114635,0.4897,-0.18085698,0.30884302,0,6.447085,0.3785,-0.00056294,0.37793706,0
Brandes,CIBC Wood Gundy,CIBC Wood Gundy,,ICS Program,U.S. Value Equity,F00000V6WV,Model Delivery,Domestic Equity - All-Cap Value,,,68,25.58016925,0,-5.579328598,-5.579328598,0,22.408152,0,-4.044520699,-4.044520699,0,22.261319,0,-1.678494172,-1.678494172,0,23.863832,0,-0.3119,-0.3119,0,22.722092,0,-2.007640932,-2.007640932,0,23.491353,0.56436063,-0.60559838,-0.04123775,0,23.673842,0.1499011,-0.809976282,-0.660075182,0,24.18061,0.3,-0.72602961,-0.42602961,0,22.183994,0.05,-0.311973097,-0.261973097,0
Brandes,Citi Private Bank,Citi Private Bank,,Manager Selection Program,Global Equity,F00000V6WS,Sub Advisory Wrap,Foreign Equity - World Large Value,,,15,11.56353994,0.00072177,-0.51178708,-0.51106531,0,11.226843,0.00016234,-0.17952986,-0.17936752,0,7.90841,0,-3.12509782,-3.12509782,0,6.435838,0,-1.75118542,-1.75118542,0,6.590867,0.00235747,-0.08235747,-0.08,0,6.729447,0,0,0,0,6.681961,0,-0.285,-0.285,0,6.605273,0,0,0,0,6.488084,0,-0.02385711,-0.02385711,0
Brandes,Citi Private Bank,Citi Private Bank,,Manager Selection Program,Global Small-Mid Cap Equity,F00000V6WW,Sub Advisory Wrap,Foreign Equity - World Mid Cap,,,4,1.31997519,0.00002393,-0.00204733,-0.0020234,0,1.31165,0.00204733,-0.00003469,0.00201264,0,1.001564,0,0,0,0,1.031155,0,0,0,0,1.060536,0,0,0,0,1.078217,0.00070513,-0.00070513,0,0,1.110013,0,0,0,0,1.114967,0,0,0,0,1.064442,0,0,0,0
Brandes,Citi Private Bank,Citi Private Bank,,Manager Selection Program,International Equity,F00000V6WT,Sub Advisory Wrap,Foreign Equity - International All-Cap Value,,,0,3.45580288,0,-0.6780038,-0.6780038,0,2.578086,0.0636526,-0.76475527,-0.70110267,0,2.733628,0,0,0,0,2.807612,0,0,0,0,2.301622,0,-0.008,-0.008,0,2.35662,0,0,0,0,2.465205,0,0,0,0,2.542286,0,0,0,0,0,0,-0.1,-0.1,0
Brandes,Citi Private Bank,Citi Private Bank,,Manager Selection Program,U.S. Value Equity,F00000V6WV,Sub Advisory Wrap,Domestic Equity - All-Cap Value,,,0,1.72088309,0,0,0,0,0.493217,0,-0.1,-0.1,0,0.454612,0,0,0,0,0.139823,0,-0.099665,-0.099665,0,0.145151,0,0,0,0,0.150371,0,0,0,0,0.152576,0,0,0,0,4.653175,0,0,0,0,0,0,0,0,0
Brandes,D.A. Davidson,D.A. Davidson,,DADA,Global Equity,F00000V6WS,Dual Contract,Foreign Equity - World Large Value,,,2,0.38805824,0,0,0,0,0.38177433,0,0,0,0,0.40481435,0,0,0,0,0.42354659,0,0,0,0,0.43935919,0,0,0,0,0.44751918,0,0,0,0,0.46663036,0,0,0,0,0.46192702,0,-0.015,-0.015,0,0.35459547,0,-0.0048382,-0.0048382,0
Brandes,D.A. Davidson,D.A. Davidson,,DADA,International Equity,F00000V6WT,Dual Contract,Foreign Equity - International All-Cap Value,,,2,2.47368995,0,-0.009,-0.009,0,2.77126571,0,-0.009,-0.009,0,2.5468422,0,-0.008,-0.008,0,2.59298571,0,-0.006,-0.006,0,2.71444861,0,-0.006,-0.006,0,2.7500357,0,-0.006,-0.006,0,2.87171366,0,-0.006,-0.006,0,2.907311,0,-0.006,-0.006,0,2.96432757,0,-0.006,-0.006,0
Brandes,Ameriprise Financial Services                 ,Envestnet,,VISTA,Core Plus Fixed Income,F00000V7EP,Dual Contract,Domestic Taxable Bond - Core Plus Bond,,,0,1.508972,0,0,0,0,1.46003802,0,-0.1,-0.1,0,1.484179,0,-0.0015,-0.0015,0,1.451575,0,0,0,0,1.471397,0,0,0,0,1.487081,0,0,0,0,0,0,-1.488041,-1.488041,0,0,0,0,0,0,0,0,0,0,0
Brandes,Ameriprise Financial Services                 ,Envestnet,,VISTA,Global Equity,F00000V6WS,Dual Contract,Foreign Equity - World Large Value,,,0,0,0,0,0,0,0,0,0,0,0,0.107611,0,0,0,0,0.111229,0,0,0,0,0.115382,0,0,0,0,0.116229,0,0,0,0,0.120811,0,0,0,0,0,0,-0.1231,-0.1231,0,0,0,0,0,0
Brandes,Ameriprise Financial Services                 ,Envestnet,,VISTA,U.S. Value Equity,F00000V6WV,Dual Contract,Domestic Equity - All-Cap Value,,,0,0.158709,0,0,0,0,0.16165868,0,0,0,0,0.170154,0,0,0,0,0.185121,0,0,0,0,0.191774,0,0,0,0,0.198775,0,0,0,0,0.201838,0,0,0,0,0.209706,0,0,0,0,0,0,-0.209,-0.209,0
Brandes,Envestnet,Envestnet,,UMP,Core Plus Fixed Income,F00000V7EP,Dual Contract,Domestic Taxable Bond - Core Plus Bond,,,0,0,0,0,0,0,0,0,0,0,0,0,0,0,0,0,0,0,0,0,0,0,0,0,0,0,0,0,0,0,0,0,0,0,0,0,0,0,0,0,0,0,0,0,0,0
Brandes,Envestnet,Envestnet,,MAS,Core Plus Fixed Income,F00000V7EP,Sub Advisory Wrap,Domestic Taxable Bond - Core Plus Bond,,,42,5.84364,1.21963413,-0.5041929,0.71544123,0,6.51856498,0.47613989,-0.024,0.45213989,0,6.549175,0.396895,-0.4513939,-0.0544989,0,5.882869,0,-0.5576093,-0.5576093,0,6.18384,0.42751896,-0.16605106,0.2614679,0,6.57939,0.41058961,-0.28192452,0.12866509,0,11.895409,0.43380299,-0.19139652,0.24240647,0,11.983659,0.72552249,-1.83920007,-1.11367758,0,11.808583,0.35315,-0.45201583,-0.09886583,0
Brandes,Envestnet,Envestnet,,UMP,Emerging Markets Equity,SAUSA004TO,Dual Contract,Foreign Equity - Emerging Mkt Equity - Unhedged,,,0,0,0,-0.23775395,-0.23775395,0,0,0,0,0,0,0,0,0,0,0,0,0,0,0,0,0,0,0,0,0,0,0,0,0,0,0,0,0,0,0,0,0,0,0,0,0,0,0,0,0
Brandes,Envestnet,Envestnet,,MAS,Enhanced Income ,F00000V7EQ,Sub Advisory Wrap,Balanced (Allocation) - Conservative Allocation,,,2,0.213887817,0,-0.04,-0.04,0,0.436171,0.257646,0,0.257646,0,0.437977,0,-0.008,-0.008,0,0.439461,0,0,0,0,0.445746,0,0,0,0,0.436816,0,-0.016,-0.016,0,0.42603,0,-0.0176,-0.0176,0,0.420837,0,-0.00965268,-0.00965268,0,0.406203,0,-0.00923824,-0.00923824,0
Brandes,Envestnet,Envestnet,,MAS,European Equity,F00000V9MK,Sub Advisory Wrap,Foreign Equity - Europe,,,4,3.75296595,0,-0.008487,-0.008487,0,3.552948,0,-0.004138,-0.004138,0,3.755909,0,-0.006358,-0.006358,0,1.604553,0,-2.14469074,-2.14469074,0,1.665174,0,0,0,0,0.691683,0.6894234,-1.63467846,-0.94525506,0,0.931383,0.20580945,0,0.20580945,0,0.943975,0.01282296,-0.004,0.00882296,0,0.936587,0,0,0,0
Brandes,Envestnet,Envestnet,,MAS,Global Balanced,F00000V7ER,Sub Advisory Wrap,Balanced (Allocation) - Global Allocation (Global Balanced),,,1,4.366428,0.07647977,-0.053094,0.02338577,0,4.309921,0,-0.05718833,-0.05718833,0,2.415881,0,-2.02723958,-2.02723958,0,2.511562,0,0,0,0,2.743444,0.14175491,0,0.14175491,0,2.688333,0,-0.085,-0.085,0,2.799805,0,0,0,0,2.799933,0,-0.052007,-0.052007,0,0.395697,0,-2.42788602,-2.42788602,0
Brandes,Envestnet,Envestnet,,UMP,Global Equity,F00000V6WS,Dual Contract,Foreign Equity - World Large Value,,,0,0,0,0,0,0,0,0,0,0,0,0,0,0,0,0,0,0,-0.02894079,-0.02894079,0,0,0,0,0,0,0,0,0,0,0,0,0,0,0,0,0,0,0,0,0,0,0,0,0,0
Brandes,Envestnet,Envestnet,,MAS,Global Equity,F00000V6WS,Sub Advisory Wrap,Foreign Equity - World Large Value,,,306,101.856983,2.53901248,-3.30124826,-0.76223578,0,98.036819,3.62625512,-7.39486492,-3.7686098,0,101.304972,0.97388887,-5.53903692,-4.56514805,0,108.684269,0.42389243,-5.77282078,-5.34892835,0,113.473807,1.02452525,-2.16906868,-1.14454343,0,114.073826,0.40987,-5.8499051,-5.4400351,0,120.511047,1.1877304,-4.91721158,-3.72948118,0,126.23148,0.76345224,-4.97255565,-4.20910341,0,121.280351,0.349804,-6.54926687,-6.19946287,0
Brandes,Envestnet,Envestnet,,UMP,Global Small-Mid Cap Equity,F00000V6WW,Dual Contract,Foreign Equity - World Mid Cap,,,0,0,0,0,0,0,0,0,0,0,0,0,0,0,0,0,0,0,0,0,0,0,0,0,0,0,0,0,0,0,0,0,0,-0.04,-0.04,0,0,0,0,0,0,0,0,-0.000095,-0.000095,0
Brandes,Envestnet,Envestnet,,MAS,Global Small-Mid Cap Equity,F00000V6WW,Sub Advisory Wrap,Foreign Equity - World Mid Cap,,,24,3.883148,0,-0.01,-0.01,0,3.91622,0.146157,0,0.146157,0,4.36886,0,0,0,0,5.586402,0.009399,-0.017271,-0.007872,0,5.926832,0,-0.067224,-0.067224,0,6.1668,0.25,-0.24277296,0.00722704,0,6.067691,0,-0.28359633,-0.28359633,0,6.274884,0.27,-0.01940079,0.25059921,0,0,0,-0.16625,-0.16625,0
Brandes,Envestnet,Envestnet,,UMP,International Equity,F00000V6WT,Dual Contract,Foreign Equity - International All-Cap Value,,,0,0,0,0,0,0,0,0,0,0,0,0,0,-0.0152,-0.0152,0,0,0,0,0,0,0,0,0,0,0,0,0,0,0,0,0,0,0,0,0,0,0,-0.02974811,-0.02974811,0,0,0,0,0,0
Brandes,Envestnet,Envestnet,,MAS,International Equity,F00000V6WT,Sub Advisory Wrap,Foreign Equity - International All-Cap Value,,,221,65.052912,0.07517658,-1.21930979,-1.14413321,0,62.72287,0.6816284,-2.76848726,-2.08685886,0,65.619256,2.899137,-2.19831453,0.70082247,0,71.486455,1.5462781,-5.20444239,-3.65816429,0,77.073645,2.28926112,-0.99373396,1.29552716,0,84.881513,3.8407153,-0.87997904,2.96073626,0,90.590273,2.56681637,-3.01417048,-0.44735411,0,92.571419,1.25502174,-2.12570244,-0.8706807,0,95.085801,3.97785911,-4.81412737,-0.83626826,0
Brandes,Envestnet,Envestnet,,UMP,U.S. Value Equity,F00000V6WV,Dual Contract,Domestic Equity - All-Cap Value,,,0,0,0,0,0,0,0,0,0,0,0,0,0,0,0,0,0,0,0,0,0,0,0,0,0,0,0,0,0,0,0,0,0,0,0,0,0,0,0,0,0,0,0,0,0,0
Brandes,Envestnet,Envestnet,,MAS,U.S. Value Equity,F00000V6WV,Sub Advisory Wrap,Domestic Equity - All-Cap Value,,,31,0.72995,0,-0.39352241,-0.39352241,0,8.37348932,0,-0.49339487,-0.49339487,0,7.660122,0,-1.65859933,-1.65859933,0,10.275386,0.270457,0,0.270457,0,11.133648,0.5056481,-0.01155292,0.49409518,0,12.435795,0.2075,-0.012289,0.195211,0,11.46582,0,-1.20714776,-1.20714776,0,11.471044,0,-0.44366699,-0.44366699,0,11.404353,0,-0.465999,-0.465999,0
Brandes,Fidelity,Fidelity,,NFS,Emerging Markets Equity,SAUSA004TO,Dual Contract,Foreign Equity - Emerging Mkt Equity - Unhedged,,,3,1.42490779,0.00068303,0,0.00068303,0,1.45020181,0,-0.00180885,-0.00180885,0,1.55026672,0,0,0,0,1.55314795,0,-0.019,-0.019,0,1.73728505,0,0,0,0,1.6196382,0.005,-0.125,-0.12,0,1.80684609,0,0,0,0,1.77842236,0.000015,-0.02506156,-0.02504656,0,1.78178225,0,0,0,0
Brandes,Fidelity,Fidelity,,NFS,European Equity,F00000V9MK,Dual Contract,Foreign Equity - Europe,,,2,0.451889,0,0,0,0,0.42109218,0,0,0,0,0.44932551,0,0,0,0,0.4621881,0,-0.000035,-0.000035,0,0.48030689,0,0,0,0,0.48477021,0,0,0,0,0.51094477,0,0,0,0,0.50859392,0,-0.000035,-0.000035,0,0.50898759,0,0,0,0
Brandes,Fidelity,Fidelity,,NFS,Global Equity,F00000V6WS,Dual Contract,Foreign Equity - World Large Value,,,3,0.45639489,0,0,0,0,0.44934,0,0,0,0,0.47816152,0,0,0,0,0.50021083,0,0,0,0,0.52106982,0,-0.00024732,-0.00024732,0,0.53370494,0,0,0,0,0.55739084,0,0,0,0,0.57074212,0,0,0,0,0.56989838,0,0,0,0
Brandes,Fidelity,Fidelity,,NFS,Global Small-Mid Cap Equity,F00000V6WW,Dual Contract,Foreign Equity - World Mid Cap,,,1,0.21652245,0,0,0,0,0.21334731,0,0,0,0,0.23454279,0,0,0,0,0.24150941,0,0,0,0,0.25011388,0,0,0,0,0.25425851,0,0,0,0,0.26388104,0,0,0,0,0.26383972,0,0,0,0,0.25364211,0,0,0,0
Brandes,Fidelity,Fidelity,,NFS,International Equity,F00000V6WT,Dual Contract,Foreign Equity - International All-Cap Value,,,2,2.3995263,0,0,0,0,4.82877477,0,-0.002,-0.002,0,2.43221117,0.002,-0.005015,-0.003015,0,1.88196231,0,-0.58920914,-0.58920914,0,2.40300561,0,0,0,0,2.5322067,0,0,0,0,2.75959914,0,0,0,0,3.06871858,0,-0.000035,-0.000035,0,3.76134417,0,0,0,0
Brandes,Fidelity,Fidelity,,NFS,International Small Cap Value,SAUSA003TU,Dual Contract,Foreign Equity - International Small Cap Value,,,1,8.34762454,0,-0.1,-0.1,0,7.33311357,0,-0.7,-0.7,0,7.72415656,0,-0.140015,-0.140015,0,7.86632592,0,0,0,0,8.22851968,0,-0.100015,-0.100015,0,8.05746419,0,-0.296015,-0.296015,0,7.57946745,0,-0.663015,-0.663015,0,7.68821555,0,0,0,0,7.18075516,0,-0.367015,-0.367015,0
Brandes,Janney Montgomery Scott,Janney Montgomery Scott SCott,,JMS,Emerging Markets Equity,SAUSA004TO,Dual Contract,Foreign Equity - Emerging Mkt Equity - Unhedged,,,4,0,0,0,0,0,0,0,0,0,0,0,0,0,0,0,1.08371618,0.001,-0.03197112,-0.03097112,0,1.21819045,0.0036729,0,0.0036729,0,1.25343367,0.03419562,0,0.03419562,0,1.40103929,0,0,0,0,1.6017124,0.2003,-0.012,0.1883,0,1.59555975,0,0,0,0
Brandes,Janney Montgomery Scott,Janney Montgomery Scott SCott,,JMS,Global Equity,F00000V6WS,Dual Contract,Foreign Equity - World Large Value,,,7,0.82952767,0,0,0,0,0.81477192,0,-0.00885026,-0.00885026,0,0.86526297,0.00083566,0,0.00083566,0,0.90407925,0,0,0,0,0.93881436,0,0,0,0,1.03517881,0.00003397,0,0.00003397,0,1.07907975,0.00024785,0,0.00024785,0,1.5604595,0.00014471,-0.013,-0.01285529,0,1.60199769,0.00049849,-0.02644654,-0.02594805,0
Brandes,Janney Montgomery Scott,Janney Montgomery Scott SCott,,JMS,Global Small-Mid Cap Equity,F00000V6WW,Dual Contract,Foreign Equity - World Mid Cap,,,1,0,0,0,0,0,0,0,0,0,0,0,0,0,0,0,0.1072811,0.00002433,0,0.00002433,0,0.11164425,0.00005145,0,0.00005145,0,0.11411937,0,0,0,0,0.11751633,0,0,0,0,0.11532958,0,0,0,0,0.11124641,0,0,0,0
Brandes,Janney Montgomery Scott,Janney Montgomery Scott SCott,,JMS,International Equity,F00000V6WT,Dual Contract,Foreign Equity - International All-Cap Value,,,7,0.11624243,0,0,0,0,0.11112453,0,0,0,0,0.68424149,0.0396587,0,0.0396587,0,2.28185758,0.06977432,-0.005,0.06477432,0,2.39989133,0.0035218,0,0.0035218,0,2.94415539,0.50498088,-0.00013306,0.50484782,0,2.92099986,0.00096187,-0.03253198,-0.03157011,0,2.9272912,0.0011208,0,0.0011208,0,2.9932369,0.0010139,0,0.0010139,0
Brandes,Janney Montgomery Scott,Janney Montgomery Scott SCott,,JMS,U.S. Value Equity,F00000V6WV,Dual Contract,Domestic Equity - All-Cap Value,,,5,0.51526057,0.00005711,-0.019754,-0.01969689,0,0.50828689,0,-0.015,-0.015,0,0.53488379,0,0,0,0,0.84513827,0,0,0,0,0.85068537,0.00000021,-0.022085,-0.02208479,0,0.88203054,0,0,0,0,0.95165044,0.0568,0,0.0568,0,0.97555507,0,-0.011,-0.011,0,0.93035506,0,-0.024855,-0.024855,0
Brandes,JP Morgan,JP Morgan,,ICS,Core Plus Fixed Income,F00000V7EP,Dual Contract,Domestic Taxable Bond - Core Plus Bond,,,1,0,0,-0.02980387,-0.02980387,0,0,0,-0.04312695,-0.04312695,0,0,0,-0.02530418,-0.02530418,0,0,0,-0.03389576,-0.03389576,0,0,0.00075,-0.03472126,-0.03397126,0,0,0,-0.03119202,-0.03119202,0,0,0,-0.0285471,-0.0285471,0,0,0,-0.03273527,-0.03273527,0,3.20172361,0.000095,-0.000095,0,0
Brandes,JP Morgan,JP Morgan,,ICS  ,Emerging Markets Value Equity,F00000V60L,Dual Contract,Foreign Equity - Diversified Emerging Markets,,,4,0,0,0,0,0,0,0,0,0,0,0,0,0,0,0,0,0,0,0,0,0,0,0,0,0,0,0,0,0,0,0,0,0,0,0,0,0,0,0,0,1.7009675,0.000265,-0.00009638,0.00016862,0
Brandes,JP Morgan,JP Morgan,,ICS,International Equity,F00000V6WT,Dual Contract,Foreign Equity - International All-Cap Value,,,1,0.33005735,0,0,0,0,0.3155126,0,0,0,0,0.33367476,0,0,0,0,0.3396194,0,0,0,0,0.35433915,0,0,0,0,0,0,0,0,0,0,0,0,0,0,0,0,0,0,0,0.13544561,0,0,0,0
Brandes,First Allied Securities,Lockwood,,Managed Account Demand,European Equity,F00000V9MK,Dual Contract,Foreign Equity - Europe,,,1,0.1699545,0,0,0,0,0.15934464,0,0,0,0,0.16907335,0,0,0,0,0.173964,0,0,0,0,0.18082112,0,0,0,0,0.1839836,0,0,0,0,0.19300599,0,0,0,0,0.19239911,0,0,0,0,0.192701,0,0,0,0
Brandes,Lockwood,Lockwood,,Managed Account Demand,Emerging Markets Equity,SAUSA004TO,Dual Contract,Foreign Equity - Emerging Mkt Equity - Unhedged,,,0,0,0,-0.0025992,-0.0025992,0,0,0,0,0,0,0,0,0,0,0,0,0,0,0,0,0,0,0,0,0,0,0,0,0,0,0,0,0,0,0,0,0,0,0,0,0,0,0,0,0
Brandes,Lockwood,Lockwood,,Managed Account Link,Emerging Markets Value Equity,F00000V60L,Sub Advisory Wrap,Foreign Equity - Diversified Emerging Markets,,,21,1.292486259,0,0,0,0,0.938895,0,0,0,0,1.241032,0,0,0,0,1.151175,0,0,0,0,1.36773,0,0,0,0,3.145574,0,0,0,0,3.631202,0,0,0,0,4.059849,0,0,0,0,4.136931,0,0,0,0
Brandes,Lockwood,Lockwood,,Managed Account Link,European Equity,F00000V9MK,Sub Advisory Wrap,Foreign Equity - Europe,,,22,10.9720146,0.793798,-2.51325732,-1.71945932,0,10.61456036,0.56499444,-0.30659501,0.25839943,0,11.10943765,0.10000014,-0.19297139,-0.09297125,0,11.396781,0.004018,-0.0093,-0.005282,0,11.26201088,0,-3.56081659,-3.56081659,0,8.3536294,0.36317955,-0.35892591,0.00425364,0,8.12946301,0.000685,-0.50993804,-0.50925304,0,8.53094689,0.461898,-0.16151212,0.30038588,0,8.313148,0,-0.16498219,-0.16498219,0
Brandes,Lockwood,Lockwood,,Managed Account Link,Global Balanced,F00000V7ER,Sub Advisory Wrap,Balanced (Allocation) - Global Allocation (Global Balanced),,,70,14.47566659,0.13500067,-0.27513856,-0.14013789,0,14.013285,0.111835,-0.5267548,-0.4149198,0,14.382914,0.353936,-0.56194613,-0.20801013,0,14.572278,0.21299747,-1.17747843,-0.96448096,0,14.741859,0.005979,-0.70906886,-0.70308986,0,14.276432,0.22021998,-0.94170837,-0.72148839,0,14.236026,0.05,-0.38809419,-0.33809419,0,12.960133,0.71416135,-2.12975207,-1.41559072,0,12.591141,0.16945451,-0.2319465,-0.06249199,0
Brandes,Lockwood,Lockwood,,Managed Account Link,Global Equity,F00000V6WS,Sub Advisory Wrap,Foreign Equity - World Large Value,,,216,111.6938109,0.96329903,-6.11462747,-5.15132844,0,99.957808,0.35936297,-4.73076954,-4.37140657,0,101.405541,0.38128676,-3.03663279,-2.65534603,0,101.54572,0.03904,-3.78829659,-3.74925659,0,85.721556,0.39423069,-18.58796195,-18.19373126,0,86.109754,0.97845184,-5.02808764,-4.0496358,0,82.451803,1.16900234,-3.69671772,-2.52771538,0,74.835465,0.207203,-4.29052917,-4.08332617,0,57.240768,0.03709665,-9.90056582,-9.86346917,0
Brandes,Lockwood,Lockwood,,Managed Account Link,Global Small-Mid Cap Equity,F00000V6WW,Sub Advisory Wrap,Foreign Equity - World Mid Cap,,,53,10.94567384,0.179,-0.95461411,-0.77561411,0,11.13848,0.78,-0.24502286,0.53497714,0,11.273312,0,-0.56739109,-0.56739109,0,11.544851,0.10807286,-0.13631769,-0.02824483,0,12.05136,0.24889245,-0.102656,0.14623645,0,12.31357,0.089055,-0.043102,0.045953,0,12.543992,0.14,-0.25815,-0.11815,0,17.606162,4.93558288,-0.11556766,4.82001522,0,16.037292,0.65904876,-1.35465156,-0.6956028,0
Brandes,Lockwood,Lockwood,,Managed Account Link,International Equity,F00000V6WT,Sub Advisory Wrap,Foreign Equity - International All-Cap Value,,,140,39.56716649,0.65810595,-3.86377291,-3.20566696,0,35.92689,0.44501245,-2.31571168,-1.87069923,0,37.061839,0.51379435,-1.49402404,-0.98022969,0,38.312171,0.21004038,-0.81463076,-0.60459038,0,40.370641,0.7969044,-0.62408745,0.17281695,0,38.799098,0.16,-2.33572681,-2.17572681,0,42.875382,0.11293855,-2.45788434,-2.34494579,0,43.199065,0.5464817,-2.67996741,-2.13348571,0,42.444219,0.98590688,-1.22679873,-0.24089185,0
Brandes,Lockwood,Lockwood,,Managed Account Link,U.S. Value Equity,F00000V6WV,Sub Advisory Wrap,Domestic Equity - All-Cap Value,,,15,12.09132239,0.75995675,-0.48773797,0.27221878,0,9.096566,0.20160032,-1.45823354,-1.25663322,0,9.53166,0,-0.025027,-0.025027,0,10.223409,0,-0.098436,-0.098436,0,10.364548,0.064747,-0.29378473,-0.22903773,0,10.717834,0,-0.02338,-0.02338,0,10.561562,0,-0.324904,-0.324904,0,10.99475,0,-0.06962914,-0.06962914,0,9.252508,0.003105,-1.51032923,-1.50722423,0
Brandes,LPL Financial,LPL ,,Manager Select ,Global Balanced,F00000V7ER,Sub Advisory Wrap,Balanced (Allocation) - Global Allocation (Global Balanced),,,79,14.24349564,0,0,0,0,13.976254,0,0,0,0,13.878553,0,0,0,0,15.213435,0,0,0,0,16.395528,0,0,0,0,17.145522,0,0,0,0,18.134772,0,0,0,0,18.406369,0,0,0,0,19.623065,0,0,0,0
Brandes,LPL Financial,LPL ,,Manager Select,Global Equity,F00000V6WS,Sub Advisory Wrap,Foreign Equity - World Large Value,,,92,21.87168565,0,0,0,0,20.964907,0,0,0,0,19.47169,0,0,0,0,19.23424,0,0,0,0,19.119475,0,0,0,0,19.714458,0,0,0,0,20.389827,0,0,0,0,21.08651,0,0,0,0,22.500615,0,0,0,0
Brandes,LPL Financial,LPL ,,Manager Select,International Equity,F00000V6WT,Sub Advisory Wrap,Foreign Equity - International All-Cap Value,,,46,10.81524577,0,0,0,0,10.642785,0,0,0,0,11.15117,0,0,0,0,10.56383,0,0,0,0,12.24546,0,0,0,0,12.169736,0,0,0,0,12.890836,0,0,0,0,13.646006,0,0,0,0,13.428553,0,0,0,0
Brandes,LPL Financial,LPL ,,Manager Select,U.S. Value Equity,F00000V6WV,Sub Advisory Wrap,Domestic Equity - All-Cap Value,,,27,5.363429049,0,0,0,0,5.026927,0,0,0,0,5.087811,0,0,0,0,5.552212,0,0,0,0,5.150851,0,0,0,0,5.103614,0,0,0,0,5.403217,0,0,0,0,5.554438,0,0,0,0,5.555148,0,0,0,0
Brandes,Merrill Lynch,Merrill Lynch,,MAS,Emerging Markets Equity,SAUSA004TO,Dual Contract,Foreign Equity - Emerging Mkt Equity - Unhedged,,,7,0.37267597,0,-0.14706814,-0.14706814,0,0.38217557,0,-0.00202183,-0.00202183,0,0.37869466,0,-0.03352653,-0.03352653,0,0.62702147,0,-0.00055437,-0.00055437,0,1.04669097,0.00019,-0.00019,0,0,1.29343424,0.242102,-0.00022877,0.24187323,0,1.48113898,0.05,-0.00387471,0.04612529,0,1.4792354,0,-0.00302692,-0.00302692,0,2.82524665,0.12547522,-0.0029368,0.12253842,0
Brandes,Merrill Lynch,Merrill Lynch,,MAS,Global Equity,F00000V6WS,Dual Contract,Foreign Equity - World Large Value,,,6,2.82024555,0,-0.09800703,-0.09800703,0,3.79575029,0,0,0,0,3.81262304,0,-0.211932,-0.211932,0,3.99329369,0,0,0,0,4.14373034,0,0,0,0,7.6005565,0.00200558,-0.013,-0.01099442,0,7.89864751,0.00128818,-0.02,-0.01871182,0,8.09985371,0.00047376,0,0.00047376,0,8.04817601,0,0,0,0
Brandes,Merrill Lynch,Merrill Lynch,,MAS,Global Small-Mid Cap Equity,F00000V6WW,Dual Contract,Foreign Equity - World Mid Cap,,,24,3.01785252,0,-0.01062262,-0.01062262,0,2.95565361,0,-0.02015032,-0.02015032,0,3.23531885,0.001106,-0.03395244,-0.03284644,0,6.06267775,0.0237939,-0.03349497,-0.00970107,0,7.79411965,0.0001603,-0.05810682,-0.05794652,0,7.4930682,0,-0.47952462,-0.47952462,0,7.82408348,0.1486473,-0.26178848,-0.11314118,0,7.59915322,0,-0.10110607,-0.10110607,0,6.97552799,0.0001022,-0.42065812,-0.42055592,0
Brandes,Merrill Lynch,Merrill Lynch,,Strategic Portfolio Advisor,International Equity,F00000V6WT,Dual Contract,Foreign Equity - International All-Cap Value,,,38,65.77419397,0.05068129,-1.12481112,-1.07412983,0,62.60774847,0.00308095,-0.35724654,-0.35416559,0,62.35252911,0.00032638,-4.36410269,-4.36377631,0,54.76063599,0.00207658,-8.23590355,-8.23382697,0,56.84497269,0.05,-0.97709616,-0.92709616,0,57.94726467,0.27440426,-0.44524857,-0.17084431,0,60.53049459,0.11561495,-0.30441743,-0.18880248,0,56.35220288,0.00018845,-5.11766344,-5.11747499,0,50.30028362,0.0117647,-6.69136507,-6.67960037,0
Brandes,Merrill Lynch,Merrill Lynch,,MAS,International Small Cap Value,SAUSA003TU,Dual Contract,Foreign Equity - International Small Cap Value,,,0,0.50190156,0,0,0,0,0.48395562,0,0,0,0,0.51751878,0,0,0,0,0.5291845,0,0,0,0,0.63268792,0.075,0,0.075,0,0.64265604,0,0,0,0,0.65770239,0,0,0,0,0.66439486,0,0,0,0,0,0,-0.10889117,-0.10889117,0
Brandes,Merrill Lynch,Merrill Lynch,,MAS,U.S. Value Equity,F00000V6WV,Dual Contract,Domestic Equity - All-Cap Value,,,4,0.82869972,0,-0.00089953,-0.00089953,0,0.65675002,0,-0.02721948,-0.02721948,0,0.69156373,0,0,0,0,0.7524375,0,0,0,0,0.77934001,0,0,0,0,0.80812678,0,0,0,0,0.8215661,0,0,0,0,0.85696097,0,0,0,0,0.84089996,0,0,0,0
Brandes,Morgan Stanley,Morgan Stanley,,IMS,Core Plus Fixed Income,F00000V7EP,Dual Contract,Domestic Taxable Bond - Core Plus Bond,,,3,10.0461255,0.076564,0,0.076564,0,6.09530983,0,-0.34534858,-0.34534858,0,5.33718532,0,-0.13687084,-0.13687084,0,5.40330168,0.1756501,0,0.1756501,0,5.54542407,0.18569573,-0.15079772,0.03489801,0,5.463652,0.02501044,-0.163,-0.13798956,0,5.58795116,0.08006489,0,0.08006489,0,5.58460833,0.02324048,0,0.02324048,0,5.22587091,0.02199733,-0.33791881,-0.31592148,0
Brandes,Morgan Stanley,Morgan Stanley,,CES,Emerging Markets Equity,SAUSA004TO,Dual Contract,Foreign Equity - Emerging Mkt Equity - Unhedged,,,78,67.53330801,2.32404751,-5.12994475,-2.80589724,0,65.09094959,0.38793958,-4.54973135,-4.16179177,0,78.00698626,0.50934117,-0.17810882,0.33123235,0,74.00130099,1.30044833,-5.74115287,-4.44070454,0,80.52089026,0.92520413,-0.95237687,-0.02717274,0,81.961929,2.35418762,-0.43874744,1.91544018,0,91.63267053,1.50928395,-1.26519654,0.24408741,0,95.18650015,4.87995418,-0.36273431,4.51721987,0,91.54822678,0.075,-0.66201897,-0.58701897,0
Brandes,Morgan Stanley,Morgan Stanley,,CES,Emerging Markets Value Equity,F00000V60L,Dual Contract,Foreign Equity - Diversified Emerging Markets,,,0,0,0.021,-0.00674813,0.01425187,0,0,0.103,-0.0719941,0.0310059,0,0,0.053,-0.04924535,0.00375465,0,0,0.1,-0.14187034,-0.04187034,0,0,0.06,-0.3808952,-0.3208952,0,0,0.125883,-0.2349951,-0.1091121,0,0,0,-0.09380417,-0.09380417,0,0,0.01,-0.98591334,-0.97591334,0,0,0,-0.17743975,-0.17743975,0
Brandes,Morgan Stanley,Morgan Stanley,,Select UMA,Emerging Markets Value Equity,F00000V60L,Model Delivery,Foreign Equity - Diversified Emerging Markets,,,344,30.46114,0,0,0,0,31.391863,0,0,0,0,32.37385,0,0,0,0,34.002862,0,0,0,0,37.698649,0,0,0,0,45.116454,0,0,0,0,53.311364,0,0,0,0,53.729893,0,0,0,0,63.298313,0,0,0,0
Brandes,Morgan Stanley,Morgan Stanley,,IMS,Enhanced Income ,F00000V7EQ,Dual Contract,Balanced (Allocation) - Conservative Allocation,,,9,1.27463156,0.00011765,-0.00011765,0,0,1.30128746,0,-0.006,-0.006,0,1.32152648,0,-0.012,-0.012,0,1.32776145,0,0,0,0,2.30078334,0,-0.02,-0.02,0,3.729313,0.86315745,-0.00578245,0.857375,0,3.80342081,0.00006638,0,0.00006638,0,3.81256228,0,-0.034053,-0.034053,0,4.1031402,0.4,-0.063113,0.336887,0
Brandes,Morgan Stanley,Morgan Stanley,,IMS,European Equity,F00000V9MK,Dual Contract,Foreign Equity - Europe,,,0,0.42652338,0,-0.00211434,-0.00211434,0,0.19247924,0,-0.01820292,-0.01820292,0,0,0,-0.19512728,-0.19512728,0,0,0,0,0,0,0,0,0,0,0,0,0,0,0,0,0,0,0,0,0,0,0,0,0,0,0,0,0,0,0
Brandes,Morgan Stanley,Morgan Stanley,,CES,Global Balanced,F00000V7ER,Dual Contract,Balanced (Allocation) - Global Allocation (Global Balanced),,,9,2.53659878,0.03152645,-0.04654666,-0.01502021,0,2.47580849,0,-0.04602686,-0.04602686,0,2.54202746,0.00471383,-0.05977893,-0.0550651,0,2.52953041,0.18768101,-1.64327532,-1.45559431,0,2.60011804,0.17836214,-0.63469131,-0.45632917,0,2.371753,0.05617932,-1.43377228,-1.37759296,0,2.26065574,0.00405324,-0.9276985,-0.92364526,0,1.97349217,0.17473228,-1.27795763,-1.10322535,0,1.8315186,0.06460085,-0.59806657,-0.53346572,0
Brandes,Morgan Stanley,Morgan Stanley,,Select UMA,Global Balanced,F00000V7ER,Model Delivery,Balanced (Allocation) - Global Allocation (Global Balanced),,,211,59.54419103,0.01029574,-3.27004013,-3.25974439,0,56.947299,0.07794658,-4.21949569,-4.14154911,0,56.31993273,0.0095136,-3.87571472,-3.86620112,0,53.796376,0.1442641,-4.2451668,-4.1009027,0,54.596714,0,0,0,0,53.157993,0,0,0,0,54.245543,0,0,0,0,53.171257,0,0,0,0,48.729823,0,0,0,0
Brandes,Morgan Stanley,Morgan Stanley,,CES,Global Equity,F00000V6WS,Dual Contract,Foreign Equity - World Large Value,,,83,37.38583177,0.0101,-0.5962881,-0.5861881,0,33.9473142,0.04753642,-2.68399315,-2.63645673,0,28.79498393,0.00167103,-6.81555829,-6.81388726,0,28.74419248,0.00005,-1.18933679,-1.18928679,0,29.17541685,0.0177108,-0.91361933,-0.89590853,0,28.590117,0.05,-0.44072765,-0.39072765,0,29.42332324,0.00567104,-0.36559856,-0.35992752,0,32.39720027,0.1398727,-0.34138061,-0.20150791,0,31.86646795,0.148609,-0.21785948,-0.06925048,0
Brandes,Morgan Stanley,Morgan Stanley,,Select UMA,Global Equity,F00000V6WS,Model Delivery,Foreign Equity - World Large Value,,,2102,637.121058,2.64653878,-31.91502349,-29.26848471,0,604.877915,1.34573544,-34.97475884,-33.6290234,0,582.225721,0.22350089,-56.33318113,-56.10968024,0,548.29285,0.23371506,-25.88231372,-25.64859866,0,564.719479,0,-10.399597,-10.399597,0,567.679095,0,-1.205013,-1.205013,0,579.285691,0,0,0,0,572.250996,0,0,0,0,556.36968,0,0,0,0
Brandes,Morgan Stanley,Morgan Stanley,,IMS,Global Small Cap Equity,FOUSA05Z36,Dual Contract,Foreign Equity - World Small Cap,,,1,0.09892858,0,0,0,0,0.09519525,0,0,0,0,0.10122285,0,0,0,0,0.10460906,0,0,0,0,0.09333287,0,-0.015,-0.015,0,0.078932,0,-0.018,-0.018,0,0.07373634,0,-0.007,-0.007,0,0.05862679,0,-0.0145,-0.0145,0,0.05659117,0,0,0,0
Brandes,Morgan Stanley,Morgan Stanley,,CES,Global Small-Mid Cap Equity,F00000V6WW,Dual Contract,Foreign Equity - World Mid Cap,,,18,4.83773644,0,-0.01000236,-0.01000236,0,4.76008872,0,-0.01757239,-0.01757239,0,5.22083325,0,-0.01182709,-0.01182709,0,5.35310883,0.003,-2.13687196,-2.13387196,0,5.50032679,0,-0.29103569,-0.29103569,0,5.590891,0.02,-0.06199431,-0.04199431,0,5.76321192,0,-0.02206025,-0.02206025,0,7.95508137,0,-0.17860407,-0.17860407,0,7.48322075,0.02632304,-0.34545525,-0.31913221,0
Brandes,Morgan Stanley,Morgan Stanley,,Select UMA,Global Small-Mid Cap Equity,F00000V6WW,Model Delivery,Foreign Equity - World Mid Cap,,,294,59.554884,0.426449,-2.76926205,-2.34281305,0,57.017135,0.04,-0.5290085,-0.4890085,0,63.060844,0.257265,-1.0641015,-0.8068365,0,58.694647,0,0,0,0,64.427606,0,0,0,0,68.285821,0,0,0,0,69.105127,0,0,0,0,60.20787,0,0,0,0,55.2633,0,0,0,0
Brandes,Morgan Stanley,Morgan Stanley,,CES,International Equity,F00000V6WT,Dual Contract,Foreign Equity - International All-Cap Value,,,101,98.31290492,3.01263349,-0.51761152,2.49502197,0,91.26470891,0.0894,-4.05968085,-3.97028085,0,82.83590455,0.2047,-14.63493698,-14.43023698,0,81.16419578,0.00012463,-2.82796419,-2.82783956,0,83.14242489,0.0905,-2.36557369,-2.27507369,0,83.962523,0.927887,-1.28416414,-0.35627714,0,89.27876784,1.25,-0.43171167,0.81828833,0,83.42399442,0.01457711,-2.52366857,-2.50909146,0,83.16738393,0.50103933,-3.33146599,-2.83042666,0
Brandes,Morgan Stanley,Morgan Stanley,,Select UMA,International Equity,F00000V6WT,Model Delivery,Foreign Equity - International All-Cap Value,,,3109,828.856008,4.46080303,-21.56239636,-17.10159333,0,802.491521,3.38991455,-26.71845658,-23.32854203,0,794.398446,1.84401015,-73.17269878,-71.32868863,0,750.047304,0.14753843,-46.26029639,-46.11275796,0,829.443274,0,-4.817511,-4.817511,0,867.6254,0,-3.461347,-3.461347,0,905.281852,0,0,0,0,923.202944,0,0,0,0,935.15078,0,0,0,0
Brandes,Morgan Stanley,Morgan Stanley,,IMS,International Small Cap Value,SAUSA003TU,Dual Contract,Foreign Equity - International Small Cap Value,,,11,8.791491,0,-0.08591915,-0.08591915,0,8.44810883,0,0,0,0,8.32920763,0,-0.10763018,-0.10763018,0,8.53480746,0,0,0,0,8.98569441,0,0,0,0,9.249467,0,0,0,0,9.36362755,0,-0.1,-0.1,0,9.08645333,0,-0.292,-0.292,0,8.3719741,0,-0.57924092,-0.57924092,0
Brandes,Morgan Stanley,Morgan Stanley,,IMS,International Small-Mid Cap Equity,SAUSA003JE,Dual Contract,Foreign Equity - Foreign Small/Mid Value,,,11,11.33843918,0,-0.28125514,-0.28125514,0,9.71699662,0,-1.38023763,-1.38023763,0,10.47834628,0,-0.07687233,-0.07687233,0,10.39393604,0,-0.01943707,-0.01943707,0,10.84350782,0,-0.02139821,-0.02139821,0,11.083124,0,-0.00067803,-0.00067803,0,11.4840333,0,-0.06209888,-0.06209888,0,12.35340425,1.055,-0.05076387,1.00423613,0,12.22610515,0,-0.00168117,-0.00168117,0
Brandes,Morgan Stanley,Morgan Stanley,,IMS,U.S. Small Cap Equity,F00000V6WU,Dual Contract,Domestic Equity - Small Value,,,3,1.08258651,0.12776067,-0.00086614,0.12689453,0,1.08431331,0.00010789,-0.00060126,-0.00049337,0,1.16148032,0,-0.00086665,-0.00086665,0,1.40275785,0,-0.0005429,-0.0005429,0,1.37867935,0.00005,-0.00083079,-0.00078079,0,1.329205,0,-0.09189698,-0.09189698,0,1.25984938,0,-0.08084202,-0.08084202,0,1.02051517,0,-0.24281006,-0.24281006,0,0.85767164,0,-0.13469348,-0.13469348,0
Brandes,Morgan Stanley,Morgan Stanley,,IMS,U.S. Small-Mid Cap Equity,SAUSA0021G,Dual Contract,Domestic Equity - Mid Cap Value,,,1,0.2978047,0,-0.0010762,-0.0010762,0,0.30351961,0,-0.00099891,-0.00099891,0,0.32221459,0,-0.00110474,-0.00110474,0,0.2034195,0,-0.14993079,-0.14993079,0,0.20517708,0,-0.00104228,-0.00104228,0,0.127834,0,-0.08039227,-0.08039227,0,0.12795007,0,-0.00079522,-0.00079522,0,0.13026217,0,-0.00037766,-0.00037766,0,0.12663582,0,-0.00045319,-0.00045319,0
Brandes,Morgan Stanley,Morgan Stanley,,CES,U.S. Value Equity,F00000V6WV,Dual Contract,Domestic Equity - All-Cap Value,,,5,5.71225704,0,-0.01686276,-0.01686276,0,5.61885459,0,-0.11235054,-0.11235054,0,5.22151974,0,-0.08566243,-0.08566243,0,5.69063218,0,-0.00172858,-0.00172858,0,5.90032846,0,-0.00163913,-0.00163913,0,6.109096,0,-0.00825994,-0.00825994,0,6.15836593,0,-0.05170487,-0.05170487,0,6.19991232,0,-0.20873517,-0.20873517,0,6.07614845,0,-0.01347918,-0.01347918,0
Brandes,Morgan Stanley,Morgan Stanley,,Select UMA,U.S. Value Equity,F00000V6WV,Model Delivery,Domestic Equity - All-Cap Value,,,1053,194.953448,0.51324681,-6.8436101,-6.33036329,0,193.978028,0.97673956,-4.98390441,-4.00716485,0,191.703214,0.30581806,-10.91616198,-10.61034392,0,202.155849,0.005991,-2.861661,-2.85567,0,208.32245,0,-0.323659,-0.323659,0,214.726002,0,0,0,0,218.025113,0,0,0,0,220.125548,0,0,0,0,205.357218,0,0,0,0
Brandes,National Bank Financial Group,National Bank Financial Group,,NFS,Global Equity,F00000V6WS,Model Delivery,Foreign Equity - World Large Value,,,13,14.91134314,0,0,0,0,14.449038,0,0,0,0,14.359515,0,0,0,0,14.778219,0,0,0,0,20.773057,0,0,0,0,20.806998,0,0,0,0,21.128304,0,0,0,0,20.659043,0,0,0,0,21.57299,0,0,0,0
Brandes,National Bank Financial Group,National Bank Financial Group,,NFS,International Equity,F00000V6WT,Model Delivery,Foreign Equity - International All-Cap Value,,,4,0.55603521,0,0,0,0,0.540753,0,0,0,0,0.563655,0,0,0,0,0.338205,0,0,0,0,1.041279,0,0,0,0,1.046881,0,0,0,0,1.024372,0,0,0,0,0.746488,0,0,0,0,0.752345,0,0,0,0
Brandes,National Bank Financial Group,National Bank Financial Group,,NFS,U.S. Value Equity,F00000V6WV,Model Delivery,Domestic Equity - All-Cap Value,,,18,3.39355467,0,0,0,0,3.576195,0,0,0,0,3.453186,0,0,0,0,3.671538,0,0,0,0,5.441673,0,0,0,0,5.500379,0,0,0,0,5.598061,0,0,0,0,5.914285,0,0,0,0,5.883412,0,0,0,0
Brandes,Natixis Callan,Natixis Callan,,Callan UMA,International Equity,F00000V6WT,Model Delivery,Foreign Equity - International All-Cap Value,,,157,49.27164083,0,0,0,0,47.882047,0,0,0,0,53.144618,0,0,0,0,58.719296,0,0,0,0,66.7948,0,0,0,0,68.336265,0,0,0,0,64.25916,0,0,0,0,59.397604,0,0,0,0,68.108974,0,0,0,0
Brandes,Oppenheimer,Oppenheimer,,STAR,Emerging Markets Equity,SAUSA004TO,Dual Contract,Foreign Equity - Emerging Mkt Equity - Unhedged,,,3,3.49797547,0,0,0,0,3.57180193,0,0,0,0,3.80557783,0.00056927,0,0.00056927,0,3.79356963,0,0,0,0,4.27727901,0.05,0,0.05,0,4.29848192,0,0,0,0,4.86250662,0.075,0,0.075,0,4.96532119,0,0,0,0,5.08895425,0.1,0,0.1,0
Brandes,Oppenheimer,Oppenheimer,,STAR,European Equity,F00000V9MK,Dual Contract,Foreign Equity - Europe,,,0,0.30467089,0,0,0,0,0.2847783,0,0,0,0,0.30207645,0,0,0,0,0.31031194,0,0,0,0,0.32158574,0,0,0,0,0.32619812,0,0,0,0,0.32315779,0,-0.018445,-0.018445,0,0.32273839,0,0,0,0,0,0,-0.02584266,-0.02584266,0
Brandes,Oppenheimer,Oppenheimer,,STAR,Global Balanced,F00000V7ER,Dual Contract,Balanced (Allocation) - Global Allocation (Global Balanced),,,1,0.11115248,0,0,0,0,0.11066432,0,0,0,0,0.11461388,0,0,0,0,0.1184964,0,0,0,0,0.1232032,0,0,0,0,0.12419223,0,0,0,0,0.12893902,0,0,0,0,0.13022307,0,0,0,0,0.12936816,0,0,0,0
Brandes,Oppenheimer,Oppenheimer,,STAR,Global Equity,F00000V6WS,Dual Contract,Foreign Equity - World Large Value,,,2,1.17402977,0,0,0,0,1.15303648,0,-0.00281726,-0.00281726,0,1.12021426,0,-0.00160005,-0.00160005,0,1.17098605,0,0,0,0,1.04406527,0,-0.09139384,-0.09139384,0,1.06840984,0,-0.00051688,-0.00051688,0,1.11508089,0,0,0,0,1.14246186,0,0,0,0,1.1335644,0,0,0,0
Brandes,Oppenheimer,Oppenheimer,,UMA Flex/IAS,Global Equity,F00000V6WS,Model Delivery,Foreign Equity - World Large Value,,,6,3.254140976,0,0,0,0,3.341135,0,0,0,0,3.267285,0,0,0,0,3.279954,0,0,0,0,4.033646,0,0,0,0,3.210025,0,0,0,0,3.271752,0,0,0,0,3.343993,0,0,0,0,3.282285,0,0,0,0
Brandes,Oppenheimer,Oppenheimer,,STAR,Global Small-Mid Cap Equity,F00000V6WW,Dual Contract,Foreign Equity - World Mid Cap,,,3,1.67107574,0,-0.36,-0.36,0,1.64623518,0,0,0,0,1.81262749,0,0,0,0,0.85446127,0,-0.973166,-0.973166,0,0.59320636,0,-0.04138209,-0.04138209,0,0.60261964,0,0,0,0,0.62291064,0,0,0,0,0.6214375,0,0,0,0,0.5486897,0,-0.05,-0.05,0
Brandes,Oppenheimer,Oppenheimer,,STAR,International Equity,F00000V6WT,Dual Contract,Foreign Equity - International All-Cap Value,,,8,4.28804184,0,-0.04828689,-0.04828689,0,4.10248114,0.005,-0.017575,-0.012575,0,4.40498702,0.055484,-0.017545,0.037939,0,3.86643059,0,-0.02638945,-0.02638945,0,4.04901241,0,-0.005,-0.005,0,4.37167433,0,0,0,0,4.67495798,0.00088974,-0.03129601,-0.03040627,0,4.41992262,0,-0.01976479,-0.01976479,0,4.50850483,0,0,0,0
Brandes,Oppenheimer,Oppenheimer,,IAS,International Equity,F00000V6WT,Sub Advisory Wrap,Foreign Equity - International All-Cap Value,,,0,56.72206153,0.549935,-2.23706,-1.687125,0,55.861403,0.839918,-0.667763,0.172155,0,56.657764,0.468243,-2.86707238,-2.39882938,0,0,0.404215,-0.83128832,-0.42707332,0,0,0,0,0,0,0,0,0,0,0,0,0,0,0,0,0,0,0,0,0,0,0,0,0,0
Brandes,Oppenheimer,Oppenheimer,,UMA Flex/IAS,International Equity,F00000V6WT,Model Delivery,Foreign Equity - International All-Cap Value,,,198,2.864240728,0,0,0,0,3.026413,0,0,0,0,3.498589,0,0,0,0,4.346415,0,0,0,0,64.441094,0,0,0,0,71.166876,0,0,0,0,72.967845,0,0,0,0,70.576801,0,0,0,0,74.331753,0,0,0,0
Brandes,Oppenheimer,Oppenheimer,,STAR,International Small-Mid Cap Equity,SAUSA003JE,Dual Contract,Foreign Equity - Foreign Small/Mid Value,,,6,1.85341803,0,-0.01315945,-0.01315945,0,1.78407143,0,-0.01882647,-0.01882647,0,1.90688299,0,-0.02161107,-0.02161107,0,1.88730612,0,-0.00054746,-0.00054746,0,1.94599933,0,-0.02663192,-0.02663192,0,1.99100687,0,-0.00077881,-0.00077881,0,2.07065758,0.00408646,-0.00307684,0.00100962,0,2.04419001,0,-0.00138718,-0.00138718,0,1.80352291,0.0365,-0.0886487,-0.0521487,0
Brandes,Pershing,Pershing,,Managed Account Demand,Emerging Markets Value Equity,F00000V60L,Dual Contract,Foreign Equity - Diversified Emerging Markets,,,1,0.48571538,0.10019986,-0.00019986,0.1,0,0.49000641,0,0,0,0,0.53001887,0.0000904,0,0.0000904,0,0.54242812,0,0,0,0,0.59455733,0,0,0,0,0.55212453,0,-0.0500904,-0.0500904,0,0.61731298,0,0,0,0,0.63112281,0,0,0,0,0.63836576,0,0,0,0
Brandes,Pershing,Pershing,,Managed Account Demand,International Equity,F00000V6WT,Dual Contract,Foreign Equity - International All-Cap Value,,,4,11.88870332,0.10178672,0,0.10178672,0,11.15111469,0.4,-0.700045,-0.300045,0,11.88669001,0,0,0,0,12.181925,0.00171968,-0.00174968,-0.00003,0,12.76070247,0,0,0,0,13.03670953,0,0,0,0,13.71938647,0.00145027,0,0.00145027,0,13.94672085,0.08154161,0,0.08154161,0,7.66629115,0,-6.50167658,-6.50167658,0
Brandes,Prudential,Prudential,,Access Program,Global Balanced,F00000V7ER,Sub Advisory Wrap,Balanced (Allocation) - Global Allocation (Global Balanced),,,0,0.933788388,0,-0.0096,-0.0096,0,0.933891,0,-0.0036,-0.0036,0,0.945483,0,-0.0186,-0.0186,0,0.903437,0,-0.0036,-0.0036,0,0.993296,0,-0.0106,-0.0106,0,0.659424,0,-0.342914,-0.342914,0,0,0,-0.660133,-0.660133,0,0,0,0,0,0,0,0,0,0,0
Brandes,Prudential,Prudential,,Access Program,Global Equity,F00000V6WS,Sub Advisory Wrap,Foreign Equity - World Large Value,,,42,14.51647001,0,-1.828012,-1.828012,0,13.789017,0,-0.658383,-0.658383,0,14.011407,0,-0.54868206,-0.54868206,0,13.736082,0,-0.79733235,-0.79733235,0,13.800124,0,-0.49751552,-0.49751552,0,13.967295,0,-0.13571268,-0.13571268,0,14.323651,0,-0.2057611,-0.2057611,0,14.201795,0,-0.52678712,-0.52678712,0,11.275828,0,-3.455427,-3.455427,0
Brandes,Prudential,Prudential,,Access Program,International Equity,F00000V6WT,Sub Advisory Wrap,Foreign Equity - International All-Cap Value,,,5,5.118779092,0,-0.004,-0.004,0,5.588192,0,-0.014384,-0.014384,0,5.263974,0,-0.018,-0.018,0,5.352626,0,-0.0075,-0.0075,0,5.533136,0,-0.0075,-0.0075,0,4.632949,0,-1.0075,-1.0075,0,4.82921,0,-0.0325,-0.0325,0,4.93321,0,-0.0075,-0.0075,0,4.960141,0,-0.3075,-0.3075,0
Brandes,Prudential,Prudential,,Access Program,U.S. Value Equity,F00000V6WV,Sub Advisory Wrap,Domestic Equity - All-Cap Value,,,5,7.325307844,0,-0.000797,-0.000797,0,7.070422,0,-0.363833,-0.363833,0,7.447855,0,0,0,0,8.093885,0,0,0,0,7.846311,0,-0.5,-0.5,0,7.910258,0,-0.2,-0.2,0,8.048849,0,0,0,0,8.325934,0,-0.1,-0.1,0,8.099999,0,-0.703625,-0.703625,0
Brandes,R. W. Baird,R. W. Baird,,Dual Contract,Core Plus Fixed Income,F00000V7EP,Dual Contract,Domestic Taxable Bond - Core Plus Bond,,,1,1.74770906,0,0,0,0,1.80311131,0,0,0,0,1.82629306,0,0,0,0,1.78858443,0,0,0,0,1.80860632,0,0,0,0,1.82830828,0,0,0,0,1.84493756,0,0,0,0,1.83535982,0,0,0,0,1.82353467,0,0,0,0
Brandes,R. W. Baird,R. W. Baird,,Dual Contract,Global Equity,F00000V6WS,Dual Contract,Foreign Equity - World Large Value,,,1,0.81850412,0,-0.00539568,-0.00539568,0,0.79791479,0,-0.00678677,-0.00678677,0,0.84342313,0,-0.00808948,-0.00808948,0,0.87809228,0,-0.00394278,-0.00394278,0,0.90414689,0,-0.00437912,-0.00437912,0,0.92096417,0,-0.00072204,-0.00072204,0,0.96179425,0,0,0,0,0.98517793,0.00011583,0,0.00011583,0,0.98038169,0,0,0,0
Brandes,R. W. Baird,R. W. Baird,,Referred Manager,Global Equity,F00000V6WS,Sub Advisory Wrap,Foreign Equity - World Large Value,,,5,0,0,0,0,0,0,0,0,0,0,0,0,0,0,0,0,0,0,0,0,0,0,0,0,0,0,0,0,0,0,0,0,0,0,0,0,0,0,0,0,1.350426,0,-0.00277,-0.00277,0
Brandes,R. W. Baird,R. W. Baird,,Dual Contract,International Equity,F00000V6WT,Dual Contract,Foreign Equity - International All-Cap Value,,,1,4.14882689,0,-0.02190223,-0.02190223,0,3.93722062,0,-0.03713688,-0.03713688,0,4.17986793,0,-0.06165314,-0.06165314,0,4.2802014,0,-0.01873552,-0.01873552,0,4.47739493,0,-0.02157577,-0.02157577,0,4.54121611,0,-0.0381736,-0.0381736,0,8.19129663,3.47,-0.05422442,3.41577558,0,8.29625801,0,-0.03516404,-0.03516404,0,8.41313545,0,-0.03632752,-0.03632752,0
Brandes,R. W. Baird,R. W. Baird,,Preferred Manager,International Equity,F00000V6WT,Sub Advisory Wrap,Foreign Equity - International All-Cap Value,,,147,84.28692771,1.133702,-0.56968233,0.56401967,0,81.699163,1.59846191,-6.86913347,-5.27067156,0,84.438462,0.214423,-4.16564097,-3.95121797,0,85.709509,1.45367764,-0.68773815,0.76593949,0,92.701428,1.62891331,-0.58646333,1.04244998,0,96.182931,4.37671201,-2.5160791,1.86063291,0,102.802892,2.89468398,-0.69914884,2.19553514,0,103.759612,3.14471571,-3.33863032,-0.19391461,0,109.98,1.88844388,-0.89814467,0.99029921,0
Brandes,R. W. Baird,R. W. Baird,,Referred Manager,U.S. Value Equity,F00000V6WV,Sub Advisory Wrap,Domestic Equity - All-Cap Value,,,2,0,0,0,0,0,0,0,0,0,0,0,0,0,0,0,0,0,0,0,0,0,0,0,0,0,0,0,0,0,0,0,0,0,0,0,0,0,0,0,0,1.175424,0,-0.007,-0.007,0
Brandes,Raymond James,Raymond James,,OSM,Emerging Markets Equity,SAUSA004TO,Dual Contract,Foreign Equity - Emerging Mkt Equity - Unhedged,,,1,10.80022648,0,0,0,0,11.0391401,0,-0.00238909,-0.00238909,0,11.75494591,0,0,0,0,11.96901759,0,-0.00267826,-0.00267826,0,13.36537485,0.00059886,-0.00257046,-0.0019716,0,13.53446445,0,-0.00279801,-0.00279801,0,15.114696,0,-0.00279219,-0.00279219,0,15.91803124,0.000095,-0.00310425,-0.00300925,0,15.37076043,0.0133607,-0.00293466,0.01042604,0
Brandes,Raymond James,Raymond James,,Consulting Solutions,Emerging Markets Value Equity,F00000V60L,Sub Advisory Wrap,Foreign Equity - Diversified Emerging Markets,,,5,0.17570381,0,0,0,0,0.177443,0,0,0,0,0.191402,0,0,0,0,0.196564,0,0,0,0,0.21401,0,0,0,0,0.216343,0,0,0,0,0.23935,0,0,0,0,0.248477,0,0,0,0,0.721137,0,0,0,0
Brandes,Raymond James,Raymond James,,Consulting Solutions,Global Balanced,F00000V7ER,Sub Advisory Wrap,Balanced (Allocation) - Global Allocation (Global Balanced),,,0,0.855214653,0,0,0,0,0.250296,0,-0.61,-0.61,0,0,0,0,0,0,0,0,0,0,0,0,0,0,0,0,0,0,0,0,0,0,0,0,0,0,0,0,0,0,0,0,0,0,0,0
Brandes,Raymond James,Raymond James,,Consulting Solutions,Global Equity,F00000V6WS,Sub Advisory Wrap,Foreign Equity - World Large Value,,,30,9.122987255,0.000061,-0.021688,-0.021627,0,8.758127,0.11588544,-0.7536979,-0.63781246,0,9.014017,0,-0.77923646,-0.77923646,0,9.054368,0,-0.43680317,-0.43680317,0,9.347728,0,-0.00737698,-0.00737698,0,9.563613,0,-0.40193753,-0.40193753,0,9.97531,0,-0.65555345,-0.65555345,0,15.357355,0.00728172,-0.03865625,-0.03137453,0,17.272,0.00005,-0.75547615,-0.75542615,0
Brandes,Raymond James,Raymond James,,Consulting Solutions,Global Small-Mid Cap Equity,F00000V6WW,Sub Advisory Wrap,Foreign Equity - World Mid Cap,,,24,0,0,0,0,0,0,0,0,0,0,0,0,0,0,0,0,0,0,0,0,0,0,0,0,0,0,0,0,0,0,1.590052,0.000235,-0.02263723,-0.02240223,0,1.856278,0.12474975,-0.017,0.10774975,0,1.848464,0.07598044,0,0.07598044,0
Brandes,Raymond James,Raymond James,,OSM,International Equity,F00000V6WT,Dual Contract,Foreign Equity - International All-Cap Value,,,0,0,0,-0.00086513,-0.00086513,0,0,0,-0.00174811,-0.00174811,0,0,0,-0.00325123,-0.00325123,0,0,0,-0.00096905,-0.00096905,0,0,0,-0.00194144,-0.00194144,0,0,0,-0.00110652,-0.00110652,0,0,0,-0.0032015,-0.0032015,0,0,0,-0.00118927,-0.00118927,0,0,0,-0.02445878,-0.02445878,0
Brandes,Raymond James,Raymond James,,Consulting Solutions,International Equity,F00000V6WT,Sub Advisory Wrap,Foreign Equity - International All-Cap Value,,,25,22.58689206,0,-0.071964,-0.071964,0,20.00543,0.000062,-2.070097,-2.070035,0,19.872669,0,-1.4641028,-1.4641028,0,20.163776,0.124,-0.35769776,-0.23369776,0,20.754037,0,-0.39690491,-0.39690491,0,21.177664,0.006,-0.04606411,-0.04006411,0,22.263831,0.187,-0.15306141,0.03393859,0,21.949398,0.01,-0.04782286,-0.03782286,0,23.768641,0.006,-0.0591343,-0.0531343,0
Brandes,Raymond James,Raymond James,,Consulting Solutions,U.S. Value Equity,F00000V6WV,Sub Advisory Wrap,Domestic Equity - All-Cap Value,,,5,1.373246425,0.001364,-0.03,-0.028636,0,1.362796,0,0,0,0,1.430742,0,0,0,0,1.257217,0,-0.28757627,-0.28757627,0,1.281341,0,0,0,0,1.573474,0,0,0,0,1.421401,0,-0.17167996,-0.17167996,0,1.578497,0,0,0,0,1.123337,0,-0.454339,-0.454339,0
Brandes,RBC,RBC,,MAP,Emerging Markets Equity,SAUSA004TO,Dual Contract,Foreign Equity - Emerging Mkt Equity - Unhedged,,,10,9.31737359,0,-0.00127744,-0.00127744,0,9.28961164,0,-0.00084718,-0.00084718,0,9.29850047,0.007,-0.11599173,-0.10899173,0,8.40053999,0,-0.01000535,-0.01000535,0,9.36941624,0,-0.00132185,-0.00132185,0,9.70335424,0,-0.00201866,-0.00201866,0,10.83268462,0,-0.00428295,-0.00428295,0,10.96934357,0.05,-0.00253161,0.04746839,0,10.90180821,0.025,-0.06509459,-0.04009459,0
Brandes,RBC,RBC,,MAP,European Equity,F00000V9MK,Dual Contract,Foreign Equity - Europe,,,0,2.12911403,0,0,0,0,1.99304241,0,0,0,0,1.41729383,0,0,0,0,1.33724257,0,0,0,0,0,0,-0.13803228,-0.13803228,0,0,0,0,0,0,0,0,0,0,0,0,0,0,0,0,0,0,0,0,0
Brandes,RBC,RBC,,Consulting Solutions,Global Balanced,F00000V7ER,Sub Advisory Wrap,Balanced (Allocation) - Global Allocation (Global Balanced),,,50,4.168123621,0.181949,-0.3555902,-0.1736412,0,4.138399,0,-0.0036,-0.0036,0,3.868315,0,-0.42985522,-0.42985522,0,3.768394,0,-0.20416172,-0.20416172,0,4.009403,0.10000008,-0.0039,0.09610008,0,5.799427,1.67509658,-0.0066216,1.66847498,0,7.34395,1.6205913,-0.31157731,1.30901399,0,7.964131,0.70873023,-0.20621559,0.50251464,0,7.882217,0.16899126,-0.147707,0.02128426,0
Brandes,RBC,RBC,,MAP,Global Equity,F00000V6WS,Dual Contract,Foreign Equity - World Large Value,,,0,0.16848554,0,-0.00506072,-0.00506072,0,0,0,-0.00176412,-0.00176412,0,0,0,-0.02174135,-0.02174135,0,0,0,-0.01178011,-0.01178011,0,0,0,-0.0118518,-0.0118518,0,0,0,-0.01187702,-0.01187702,0,0,0,-0.03687881,-0.03687881,0,0,0,-0.00186605,-0.00186605,0,0,0,-0.00197596,-0.00197596,0
Brandes,RBC,RBC,,Consulting Solutions,Global Equity,F00000V6WS,Sub Advisory Wrap,Foreign Equity - World Large Value,,,262,77.4426163,0.470365,-4.48811977,-4.01775477,0,72.560713,0.411959,-5.55784361,-5.14588461,0,73.886962,0.135053,-3.7119374,-3.5768844,0,73.534515,0.67586236,-4.27544774,-3.59958538,0,76.383703,0.46997402,-0.74447712,-0.2745031,0,75.724468,0.40414675,-4.76316905,-4.3590223,0,77.820532,0.36321712,-1.19423114,-0.83101402,0,79.373684,0.05699921,-1.23585641,-1.1788572,0,76.293526,0.081,-2.3335699,-2.2525699,0
Brandes,RBC,RBC,,MAP,Global Small-Mid Cap Equity,F00000V6WW,Dual Contract,Foreign Equity - World Mid Cap,,,10,1.57313492,0,-0.031,-0.031,0,1.5338172,0,-0.015,-0.015,0,1.79383788,0,-0.0024,-0.0024,0,1.80219191,0.0000703,-0.03666674,-0.03659644,0,1.74891768,0,-0.117353,-0.117353,0,1.77763748,0,-0.005,-0.005,0,1.82867006,0,-0.005,-0.005,0,1.79214417,0.00000301,0,0.00000301,0,1.61916216,0,-0.02,-0.02,0
Brandes,RBC,RBC,,MAP,International Equity,F00000V6WT,Dual Contract,Foreign Equity - International All-Cap Value,,,5,2.42299768,0,-0.03712459,-0.03712459,0,2.26475073,0.05810489,-0.20599731,-0.14789242,0,2.41234754,0.04428922,-0.09850294,-0.05421372,0,2.58298791,0,-0.10125333,-0.10125333,0,2.69543537,0,-0.08165543,-0.08165543,0,2.74735331,0.00080622,-0.02068991,-0.01988369,0,2.85481554,0,-0.12182099,-0.12182099,0,2.74656665,0.0005024,-0.17394044,-0.17343804,0,2.7879678,0.00000756,-0.14303226,-0.1430247,0
Brandes,RBC,RBC,,Consulting Solutions,International Equity,F00000V6WT,Sub Advisory Wrap,Foreign Equity - International All-Cap Value,,,192,88.34110211,0.90763468,-2.13553253,-1.22789785,0,86.075902,1.22794138,-1.839615,-0.61167362,0,91.152435,1.68758044,-3.03765519,-1.35007475,0,83.116773,1.97977756,-12.12828659,-10.14850903,0,82.815623,1.42219916,-16.5975558,-15.17535664,0,85.257579,2.80554484,-3.20192382,-0.39637898,0,89.239055,1.3336655,-2.22556564,-0.89190014,0,91.622653,3.16454887,-2.27720536,0.88734351,0,93.77635,1.39929883,-1.52636108,-0.12706225,0
Brandes,RBC,RBC,,MAP,Socially Constrained Global Equity,SG,Dual Contract,,,,0,0,0,0,0,0,0.10694281,0,0,0,0,0,0,0,0,0,0,0,0,0,0,0,0,0,0,0,0,0,0,0,0,0,0,0,0,0,0,0,0,0,0,0,0,0,0,0
Brandes,RBC,RBC,,MAP,Socially Constrained International Equity,SI,Dual Contract,,,,38,50.69247151,1.51064427,-0.16683812,1.34380615,0,47.09150202,0.19102478,-1.10248372,-0.91145894,0,49.99457204,0.05024552,-0.76834959,-0.71810407,0,50.95771477,0.14,-0.15347412,-0.01347412,0,54.28054229,0.67,-0.2590367,0.4109633,0,53.50827634,0.0204,-2.384989,-2.364589,0,55.76009798,0.30562101,-0.23059135,0.07502966,0,54.53642185,0.150085,-1.54203606,-1.39195106,0,47.49145418,0.39093926,-8.31541357,-7.92447431,0
Brandes,RBC,RBC,,MAP,U.S. Value Equity,F00000V6WV,Dual Contract,Domestic Equity - All-Cap Value,,,0,0,0,-0.00253288,-0.00253288,0,0,0,-0.0121583,-0.0121583,0,0,0,-0.01769216,-0.01769216,0,0,0,-0.01278904,-0.01278904,0,0,0,-0.02997735,-0.02997735,0,0,0,-0.00299543,-0.00299543,0,0,0,-0.01507534,-0.01507534,0,0,0,-0.10596723,-0.10596723,0,0,0,-0.00402522,-0.00402522,0
Brandes,RBC,RBC,,Consulting Solutions,U.S. Value Equity,F00000V6WV,Sub Advisory Wrap,Domestic Equity - All-Cap Value,,,47,14.34859721,0,-0.10136555,-0.10136555,0,14.237268,0,-0.22113215,-0.22113215,0,13.266778,0.10000006,-1.72661621,-1.62661615,0,14.28076,0,-0.2712278,-0.2712278,0,14.739936,0,-0.23293401,-0.23293401,0,15.385657,0.653409,-0.41249725,0.24091175,0,17.281284,1.20067248,-0.45494401,0.74572847,0,16.53111,0.114831,-0.79099019,-0.67615919,0,15.606867,0,-1.92674525,-1.92674525,0
Brandes,RBC UMA,RBC,,RBC Unified Portfolio,Global Equity,F00000V6WS,Model Delivery,Foreign Equity - World Large Value,,,119,11.74525718,0,0,0,0,13.187131,0,0,0,0,14.524294,0,0,0,0,16.930776,0,0,0,0,16.886184,0,0,0,0,18.777805,0,0,0,0,20.319294,0,0,0,0,20.59052,0,0,0,0,20.492544,0,0,0,0
Brandes,RBC UMA,RBC,,RBC Unified Portfolio,International Equity,F00000V6WT,Model Delivery,Foreign Equity - International All-Cap Value,,,89,10.6656559,0,0,0,0,11.032252,0,0,0,0,12.659992,0,0,0,0,13.777085,0,0,0,0,14.720029,0,0,0,0,17.565555,0,0,0,0,19.720367,0,0,0,0,21.461072,0,0,0,0,23.149649,0,0,0,0
Brandes,RBC UMA,RBC ,,RBC Unified Portfolio,U.S. Value Equity,F00000V6WV,Model Delivery,Domestic Equity - All-Cap Value,,,172,4.239737884,0,0,0,0,5.280635,0,0,0,0,6.44626,0,0,0,0,8.746913,0,0,0,0,12.464692,0,0,0,0,15.519554,0,0,0,0,16.162053,0,0,0,0,17.230331,0,0,0,0,18.512288,0,0,0,0
Brandes,Richardson GMP,Richardson GMP,,Richardson GMP ,Global Equity,F00000V6WS,Model Delivery,Foreign Equity - World Large Value,,,22,8.135498134,0,0,0,0,8.02168,0,0,0,0,7.718036,0,0,0,0,6.648684,0,0,0,0,5.73143,0,0,0,0,5.736734,0,0,0,0,5.843449,0,0,0,0,5.751283,0,0,0,0,5.604967,0,0,0,0
Brandes,Richardson GMP,Richardson GMP,,Richardson GMP ,U.S. Value Equity,F00000V6WV,Model Delivery,Domestic Equity - All-Cap Value,,,15,0.54191962,0,0,0,0,0.549073,0,0,0,0,3.080094,0,0,0,0,3.344771,0,0,0,0,3.894646,0,0,0,0,4.443737,0,0,0,0,4.512548,0,0,0,0,4.653175,0,0,0,0,4.72236,0,0,0,0
Brandes,Scott & Stringfellow,Scott & Stringfellow,,Spectrum,Global Equity,F00000V6WS,Dual Contract,Foreign Equity - World Large Value,,,1,0.60717019,0,-0.00846559,-0.00846559,0,0.59456275,0,-0.0015,-0.0015,0,0.62855292,0,-0.0015,-0.0015,0,0.64688021,0,-0.0099,-0.0099,0,0.58999719,0,-0.00478832,-0.00478832,0,0.60016032,0,0,0,0,0.36889906,0,-0.24780625,-0.24780625,0,0.22536471,0,-0.01351815,-0.01351815,0,0.22315297,0,0,0,0
Brandes,Stifel Nicolaus,Stifel Nichlaus,,Opportunity,Core Plus Fixed Income,F00000V7EP,Sub Advisory Wrap,Domestic Taxable Bond - Core Plus Bond,,,61,2.969081836,0.90027352,0,0.90027352,0,4.397563,1.33,-0.00283321,1.32716679,0,5.974833,1.52688002,-0.00353475,1.52334527,0,7.373222,1.84671523,-0.325909,1.52080623,0,9.363358,2.18396796,-0.41635888,1.76760908,0,9.136269,1.22950167,-1.44362718,-0.21412551,0,14.065602,4.88977164,-0.012849,4.87692264,0,16.264667,2.38366392,-0.23285651,2.15080741,0,17.015699,1.67143962,-1.10789527,0.56354435,0
Brandes,Stifel Nicolaus,Stifel Nichlaus,,Opportunity,Global Balanced,F00000V7ER,Sub Advisory Wrap,Balanced (Allocation) - Global Allocation (Global Balanced),,,8,1.123767785,0,-0.030384,-0.030384,0,1.002144,0,-0.11621658,-0.11621658,0,1.025317,0,-0.0105,-0.0105,0,1.003812,0,-0.04545,-0.04545,0,1.126961,0.10326911,-0.21142966,-0.10816055,0,1.231756,0.1,-0.0005,0.0995,0,1.528057,0.25000273,-0.005,0.24500273,0,1.466883,0,-0.2928936,-0.2928936,0,1.44842,0,-0.001,-0.001,0
Brandes,Stifel Nicolaus,Stifel Nichlaus,,Opportunity,Global Equity,F00000V6WS,Sub Advisory Wrap,Foreign Equity - World Large Value,,,73,25.64647533,1.721069,-0.87256598,0.84850302,0,25.668088,0.136831,-0.40983601,-0.27300501,0,25.940336,0.25586291,-2.54530101,-2.2894381,0,24.238509,0.32369548,-2.25694019,-1.93324471,0,26.069869,0.92072876,-0.53169559,0.38903317,0,26.236176,0.50942163,-0.64831221,-0.13889058,0,26.458162,0.18121816,-1.12189276,-0.9406746,0,26.139772,0.26742525,-0.92525318,-0.65782793,0,25.884397,0.14770059,-0.6992529,-0.55155231,0
Brandes,Stifel Nicolaus,Stifel Nichlaus,,Opportunity,International Equity,F00000V6WT,Sub Advisory Wrap,Foreign Equity - International All-Cap Value,,,186,34.10158219,4.62019809,-0.66607708,3.95412101,0,35.689118,2.80538839,-0.54723874,2.25814965,0,37.330875,1.38490104,-1.89735157,-0.51245053,0,35.468162,0.97212118,-3.02890683,-2.05678565,0,39.429882,1.30984247,-0.692161,0.61768147,0,40.458179,2.44066389,-2.22720978,0.21345411,0,46.111561,4.53860024,-1.0105006,3.52809964,0,50.673824,1.99736744,-1.87242877,0.12493867,0,52.405386,2.04786254,-0.61354044,1.4343221,0
Brandes,Stifel Nicolaus,Stifel Nichlaus,,Opportunity,U.S. Value Equity,F00000V6WV,Sub Advisory Wrap,Domestic Equity - All-Cap Value,,,23,8.999360161,0.0565,-0.03681236,0.01968764,0,8.950557,0.006296,-0.17264108,-0.16634508,0,9.65771,0.05,-0.173417,-0.123417,0,9.994122,0,-0.67725152,-0.67725152,0,9.970473,0.003357,-0.02809174,-0.02473474,0,11.902167,1.50642752,-0.13279971,1.37362781,0,12.077234,0,-0.01593313,-0.01593313,0,12.400008,0.12621627,-0.35196042,-0.22574415,0,12.005558,0,-0.07386126,-0.07386126,0
Brandes,TD Ameritrade,TD Ameritrade,,Separate Account Exchange,Emerging Markets Equity,SAUSA004TO,Dual Contract,Foreign Equity - Emerging Mkt Equity - Unhedged,,,4,1.1014652,0,-0.00014514,-0.00014514,0,1.13544555,0,-0.00016165,-0.00016165,0,1.20843057,0,-0.00017085,-0.00017085,0,1.23268294,0,-0.00018229,-0.00018229,0,1.42320148,0.05,-0.00018525,0.04981475,0,1.44730129,0.025,-0.00020678,0.02479322,0,1.61972381,0,-0.00020504,-0.00020504,0,1.53886173,0,-0.09523161,-0.09523161,0,1.53748051,0,-0.0002351,-0.0002351,0
Brandes,TD Ameritrade,TD Ameritrade,,Separate Account Exchange,European Equity,F00000V9MK,Dual Contract,Foreign Equity - Europe,,,1,0.61973682,0,0,0,0,0.58457426,0,0,0,0,0.62011528,0,0,0,0,0.63952096,0,0,0,0,0.66639796,0,0,0,0,0.67952125,0,0,0,0,0.71359784,0,0,0,0,0.71262465,0,0,0,0,0.7153632,0,0,0,0
Brandes,TD Ameritrade,TD Ameritrade,,Separate Account Exchange,Global Balanced,F00000V7ER,Dual Contract,Balanced (Allocation) - Global Allocation (Global Balanced),,,14,13.09411923,0.58254891,-0.22482075,0.35772816,0,13.30088684,0.3,-0.0568613,0.2431387,0,13.80236311,0.00073732,-0.03787393,-0.03713661,0,14.33914169,0.29169741,-0.25607848,0.03561893,0,14.79256911,0.0000658,-0.25043247,-0.25036667,0,14.94824383,0,-0.03779629,-0.03779629,0,15.6516806,0.00001042,-0.0486044,-0.04859398,0,15.09628243,0.00534267,-0.79393014,-0.78858747,0,15.16271682,0.400005,-0.41715615,-0.01715115,0
Brandes,TD Ameritrade,TD Ameritrade,,Separate Account Exchange,Global Equity,F00000V6WS,Dual Contract,Foreign Equity - World Large Value,,,107,83.82617195,0.020684,-0.74794269,-0.72725869,0,80.83527095,0.00331595,-0.87179209,-0.86847614,0,83.83737853,0.00421311,-1.58460191,-1.5803888,0,75.51405575,0.05700116,-2.67187643,-2.61487527,0,77.4066239,0.03529295,-1.12719595,-1.091903,0,77.98000828,0.006871,-1.16588107,-1.15901007,0,74.80374305,0.00220442,-1.71333563,-1.71113121,0,68.17846349,0.03001669,-3.06652552,-3.03650883,0,64.12462144,0.17103749,-2.44681739,-2.2757799,0
Brandes,TD Ameritrade,TD Ameritrade,,Separate Account Exchange,Global Small Cap Equity,FOUSA05Z36,Dual Contract,Foreign Equity - World Small Cap,,,1,1.5546739,0,0,0,0,1.53123675,0,0,0,0,1.65801101,0,0,0,0,1.71255824,0,0,0,0,1.76243632,0,0,0,0,1.82034744,0,0,0,0,1.84485268,0,0,0,0,1.38129095,0,-0.48465167,-0.48465167,0,1.33422098,0,0,0,0
Brandes,TD Ameritrade,TD Ameritrade,,Separate Account Exchange,Global Small-Mid Cap Equity,F00000V6WW,Dual Contract,Foreign Equity - World Mid Cap,,,2,0.43847672,0,0,0,0,0.43262846,0,0,0,0,0.4779286,0,0,0,0,0.49090445,0,0,0,0,0.50733519,0,0,0,0,0.51824737,0,0,0,0,0.53550795,0,0,0,0,0.52928169,0,0,0,0,0.51525533,0,0,0,0
Brandes,TD Ameritrade,TD Ameritrade,,Separate Account Exchange,International Equity,F00000V6WT,Dual Contract,Foreign Equity - International All-Cap Value,,,49,47.34500998,0.00005719,-0.10641027,-0.10635308,0,44.5701349,0.50016436,-0.32779072,0.17237364,0,44.69005643,0.00226592,-1.06083061,-1.05856469,0,44.89666262,0.00001194,-0.50970605,-0.50969411,0,46.19922824,0.00005784,-1.53494602,-1.53488818,0,48.13933922,1.05062099,-0.21717618,0.83344481,0,50.48166539,0.00007391,-0.26663326,-0.26655935,0,50.87798707,0,-0.27580587,-0.27580587,0,51.77286713,0.03,-0.22338217,-0.19338217,0
Brandes,TD Ameritrade,TD Ameritrade,,Separate Account Exchange,U.S. Value Equity,F00000V6WV,Dual Contract,Domestic Equity - All-Cap Value,,,5,2.571987,0.00010233,-0.01473624,-0.01463391,0,2.54991466,0,-0.07472173,-0.07472173,0,2.65264622,0,-0.04457886,-0.04457886,0,2.84486553,0,-0.05468311,-0.05468311,0,2.95285804,0,-0.0048682,-0.0048682,0,3.06210257,0,-0.00494023,-0.00494023,0,3.11042288,0,-0.00501852,-0.00501852,0,2.95491623,0,-0.28819335,-0.28819335,0,2.65107353,0,-0.25514642,-0.25514642,0
Brandes,TD Premier,TD Ameritrade,,UMAX,Global Equity,F00000V6WS,Model Delivery,Foreign Equity - World Large Value,,,26,5.119051869,0,0,0,0,5.090189,0,0,0,0,5.88972,0,0,0,0,5.753644,0,0,0,0,5.33132,0,0,0,0,5.210305,0,0,0,0,5.1627,0,0,0,0,5.099053,0,0,0,0,5.279096,0,0,0,0
Brandes,TD Premier,TD Ameritrade,,UMAX,International Equity,F00000V6WT,Model Delivery,Foreign Equity - International All-Cap Value,,,7,0.444609289,0,0,0,0,0.19362,0,0,0,0,0.243527,0,0,0,0,0.241928,0,0,0,0,0.331548,0,0,0,0,0.473713,0,0,0,0,0.485456,0,0,0,0,0.495322,0,0,0,0,1.093763,0,0,0,0
Brandes,TD Premier,TD Ameritrade,,UMAX,U.S. Value Equity,F00000V6WV,Model Delivery,Domestic Equity - All-Cap Value,,,45,9.33909934,0,0,0,0,9.584478,0,0,0,0,10.385994,0,0,0,0,10.437582,0,0,0,0,11.586597,0,0,0,0,12.443491,0,0,0,0,12.433014,0,0,0,0,12.774036,0,0,0,0,13.476382,0,0,0,0
Brandes,UBS,UBS,,MAC Eligible,Core Plus Fixed Income,F00000V7EP,Dual Contract,Domestic Taxable Bond - Core Plus Bond,,,1,11.23608772,0,-0.001665,-0.001665,0,11.49122631,0,0,0,0,11.64306513,0,0,0,0,11.26623512,0,-0.01303825,-0.01303825,0,11.3710987,0,0,0,0,4.26890184,0.0852125,0,0.0852125,0,7.78725073,0,0,0,0,7.54548947,0.08104524,-0.28572097,-0.20467573,0,4.26890184,0,-0.03,-0.03,0
Brandes,UBS,UBS,,MAC Researched,Emerging Markets Equity,SAUSA004TO,Dual Contract,Foreign Equity - Emerging Mkt Equity - Unhedged,,,214,84.38726489,1.82411959,-5.79817303,-3.97405344,0,87.31855757,0.92661353,-1.88591396,-0.95930043,0,94.55667835,0.70507843,-0.64596252,0.05911591,0,95.44796445,1.5633506,-3.17365669,-1.61030609,0,104.6083701,0.83871539,-3.01040274,-2.17168735,0,98.37974577,1.96007181,-1.76424013,0.19583168,0,116.5359275,1.46152999,-0.86017709,0.6013529,0,105.4636975,0.24024156,-9.00202521,-8.76178365,0,98.37974577,2.04626693,-0.88061389,1.16565304,0
Brandes,UBS,UBS,,MAC Eligible,European Equity,F00000V9MK,Dual Contract,Foreign Equity - Europe,,,30,3.16374199,0.00427359,-0.18456608,-0.18029249,0,3.10113914,0.15,-0.003,0.147,0,3.33490404,0.06,-0.02,0.04,0,3.65377577,0.25018572,-0.02,0.23018572,0,5.27398881,0,-0.01,-0.01,0,6.03239448,0.35,-0.005,0.345,0,6.4431801,0.1,-0.01411747,0.08588253,0,6.4616135,0.00935,-0.00070404,0.00864596,0,6.03239448,0.00000504,-0.0479354,-0.04793036,0
Brandes,UBS,UBS,,MAC Researched,Global Balanced,F00000V7ER,Dual Contract,Balanced (Allocation) - Global Allocation (Global Balanced),,,11,2.9411591,0,-0.0457,-0.0457,0,2.86336289,0,-0.062795,-0.062795,0,2.37210051,0,-0.31633912,-0.31633912,0,2.35053161,0,-0.00444333,-0.00444333,0,2.42725183,0,-0.0127,-0.0127,0,2.25522139,0.00002083,-0.1637,-0.16367917,0,2.46702141,0.1,-0.0077,0.0923,0,2.47971069,0,-0.01191534,-0.01191534,0,2.25522139,0,-0.10580109,-0.10580109,0
Brandes,UBS,UBS,,Access  ,Global Balanced,F00000V7ER,Sub Advisory Wrap,Balanced (Allocation) - Global Allocation (Global Balanced),,,106,28.97430648,1.35995656,-7.0964751,-5.73651854,0,18.523797,2.07763328,-10.22857863,-8.15094535,0,20.843365,2.38051326,-1.92848671,0.45202655,0,21.45132695,1.18487655,-0.5370784,0.64779815,0,28.097986,7.33474199,-1.69283252,5.64190947,0,26.459261,0.58137657,-2.41699329,-1.83561672,0,25.992358,0.27129345,-2.298387318,-2.027093868,0,20.387431,1.31727577,-6.701735837,-5.384460067,0,26.459261,7.09539825,-1.90447793,5.19092032,0
Brandes,UBS,UBS,,MAC Researched,Global Equity,F00000V6WS,Dual Contract,Foreign Equity - World Large Value,,,11,7.12712895,0,-0.11229444,-0.11229444,0,6.51757024,0.00146733,-0.59139502,-0.58992769,0,6.67947985,0.00005064,-0.06258242,-0.06253178,0,6.65290477,0.00020888,-0.0367789,-0.03657002,0,5.2791137,0,-0.05160959,-0.05160959,0,2.11157036,0,-0.01370605,-0.01370605,0,4.96073792,0.02503876,-0.00727004,0.01776872,0,2.48902433,0,-0.01478215,-0.01478215,0,2.11157036,0.00001063,-0.09684082,-0.09683019,0
Brandes,UBS,UBS,,Access  ,Global Equity,F00000V6WS,Sub Advisory Wrap,Foreign Equity - World Large Value,,,1049,328.5590417,2.20362604,-12.69707742,-10.49345138,0,316.5927,1.16441656,-15.99335455,-14.82893799,0,324.480279,1.97076344,-15.09299874,-13.1222353,0,322.9680178,4.24083781,-25.23368992,-20.99285211,0,332.346881,4.55326266,-16.56678589,-12.01352323,0,272.7088872,2.63936846,-11.45831871,-8.818950252,0,326.850883,3.17219042,-12.75801235,-9.585821929,0,326.970597,3.1267689,-13.14699841,-10.02022951,0,317.695776,3.91651386,-14.8463489,-10.92983504,0
Brandes,UBS,UBS,,MAC Eligible,Global Small Cap Equity,FOUSA05Z36,Dual Contract,Foreign Equity - World Small Cap,,,4,1.31512309,0,-0.025,-0.025,0,1.28970181,0,0,0,0,1.36441584,0,-0.02,-0.02,0,1.38033313,0,-0.03,-0.03,0,1.41638731,0,0,0,0,1.03406846,0,-0.071,-0.071,0,1.40853831,0,0,0,0,1.41869965,0,0,0,0,1.03406846,0,-0.0645049,-0.0645049,0
Brandes,UBS,UBS,,MAC Eligible,Global Small-Mid Cap Equity,F00000V6WW,Dual Contract,Foreign Equity - World Mid Cap,,,28,12.50682278,0,-0.1443913,-0.1443913,0,12.29824206,0.01,-0.068558,-0.058558,0,13.54167241,0,-0.065558,-0.065558,0,12.1840571,0.00210014,-0.74829697,-0.74619683,0,11.36114819,0,-0.84163313,-0.84163313,0,4.87261629,0.0555,-0.9330777,-0.8775777,0,9.65426117,0,-1.08737694,-1.08737694,0,6.16826408,0.15,-1.08118565,-0.93118565,0,4.87261629,0,-0.11827239,-0.11827239,0
Brandes,UBS,UBS,,MAC Researched,International Equity,F00000V6WT,Dual Contract,Foreign Equity - International All-Cap Value,,,36,79.7830144,6.62872403,-0.33561789,6.29310614,0,66.55793979,0.39810927,-8.12478751,-7.72667824,0,71.37161684,0.33882667,-0.31717212,0.02165455,0,72.74186516,0.115428,-0.53169404,-0.41626604,0,76.68771285,0.06446031,-0.85885239,-0.79439208,0,81.90847854,0.58317109,-0.14143507,0.44173602,0,80.92438645,0.09192245,-1.18991117,-1.09798872,0,80.37688512,0.05042949,-3.30076998,-3.25034049,0,81.90847854,0.01359725,-1.95130936,-1.93771211,0
Brandes,UBS,UBS,,Access  ,International Equity,F00000V6WT,Sub Advisory Wrap,Foreign Equity - International All-Cap Value,,,1484,551.5216703,9.63767838,-16.11082748,-6.4731491,0,531.384276,7.5530123,-25.52836544,-17.97535314,0,557.304555,8.61225392,-13.86489,-5.25263608,0,552.8096436,5.1701168,-13.05124588,-7.88112908,0,615.346192,34.92937686,-13.97105299,20.95832387,0,624.623509,22.13602034,-31.46109163,-9.325071289,0,646.18422,8.78055813,-16.08326019,-7.302702059,0,641.557775,9.22460992,-44.9290429,-35.70443298,0,653.02944,14.78496583,-22.15619578,-7.371229951,0
Brandes,UBS,UBS,,MAC Eligible,International Small Cap Value,SAUSA003TU,Dual Contract,Foreign Equity - International Small Cap Value,,,19,37.06429362,0,-0.219571,-0.219571,0,14.66693504,0,-0.72255192,-0.72255192,0,15.68361823,0.032234,-0.047666,-0.015432,0,21.50061265,5.10003751,-0.04434334,5.05569417,0,22.4303009,0.0149,-0.154305,-0.139405,0,20.01009419,0.15885911,-1.653468,-1.49460889,0,22.10458386,0.0357173,-0.01,0.0257173,0,22.05502557,0.0002695,-0.235261,-0.2349915,0,20.01009419,0.00022159,-0.41147418,-0.41125259,0
Brandes,UBS,UBS,,MAC Eligible,International Small-Mid Cap Equity,SAUSA003JE,Dual Contract,Foreign Equity - Foreign Small/Mid Value,,,9,5.46892713,0,-0.05882184,-0.05882184,0,5.13507832,0.005,-0.1678119,-0.1628119,0,5.50011481,0,-0.07545511,-0.07545511,0,5.66205207,0.00032999,-0.05933339,-0.0590034,0,5.98460989,0.022,-0.16732935,-0.14532935,0,3.99097881,0.08825,-0.32990881,-0.24165881,0,6.07403182,0,-0.01537733,-0.01537733,0,5.3095367,0,-0.41113209,-0.41113209,0,3.99097881,0,-1.09428974,-1.09428974,0
Brandes,UBS,UBS,,MAC Eligible,U.S. Small Cap Equity,F00000V6WU,Dual Contract,Domestic Equity - Small Value,,,0,0.71243235,0,-0.015,-0.015,0,0.7070318,0.02,-0.028488,-0.008488,0,0,0,-0.75179644,-0.75179644,0,0,0,0,0,0,0,0,0,0,0,0,0,0,0,0,0,0,0,0,0,0,0,0,0,0,0,0,0,0,0
Brandes,UBS,UBS,,MAC Researched,U.S. Value Equity,F00000V6WV,Dual Contract,Domestic Equity - All-Cap Value,,,25,6.05974288,0,-0.17221377,-0.17221377,0,8.17014707,0.39591652,-0.48775618,-0.09183966,0,7.59274309,0.00064909,-0.9498984,-0.94924931,0,8.11125163,0.08690845,-0.2287544,-0.14184595,0,8.28610365,0.00124114,-0.1111939,-0.10995276,0,6.89208522,0,-0.2317106,-0.2317106,0,9.13267942,0.001,-0.10986775,-0.10886775,0,9.51346727,0.10481548,-0.10216171,0.00265377,0,6.89208522,0,-0.51399358,-0.51399358,0
Brandes,UBS UMA,UBS,,Strategic Wealth Portfolio,Global Equity,F00000V6WS,Model Delivery,Foreign Equity - World Large Value,,,64,15.15721449,0.70880737,-1.93395309,-1.22514572,0,15.09798947,0.150805,-0.11438652,0.03641848,0,15.96627244,0.21177843,-0.19202398,0.01975445,0,16.83948745,0.39863759,-0.2897089,0.10892869,0,17.69679651,0.10027331,-0.21185455,-0.11158124,0,18.50708894,0.49879681,-0.07409016,0.42470665,0,19.52076557,0.69881426,-0.964806592,-0.265992332,0,29.25206887,9.25568934,-0.292726724,8.962962616,0,28.44528787,0.43469348,-0.22709666,0.20759682,0
Brandes,UBS UMA,UBS,,Strategic Wealth Portfolio,International Equity,F00000V6WT,Model Delivery,Foreign Equity - International All-Cap Value,,,189,35.19210465,0.89341804,-2.14949727,-1.25607923,0,33.33063591,1.36192292,-1.12764244,0.23428048,0,33.91447702,0.87908999,-2.0543399,-1.17524991,0,33.88413104,0.6669479,-0.80197263,-0.13502473,0,38.390366,3.52316124,-0.97641244,2.5467488,0,43.42688365,4.30550852,-0.340403431,3.965105089,0,45.4863532,1.96582725,-0.833629241,1.132198009,0,45.27966074,0.8822742,-1.883305511,-1.001031311,0,46.31167426,1.43901513,-0.89116626,0.54784887,0
Brandes,,Valmex,,UMA,Global Equity,F00000V6WS,Model Delivery,Foreign Equity - World Large Value,,,1,88.751833,0,0,0,0,83.955233,0,0,0,0,88.051691,0,0,0,0,95.38709,0,0,0,0,105.27538,0,0,0,0,110.834861,0,0,0,0,112.738217,0,0,0,0,116.988757,0,0,0,0,114.999094,0,0,0,0
Brandes,Wells Fargo,Wells Fargo,,Masters,Core Plus Fixed Income,F00000V7EP,Sub Advisory Wrap,Domestic Taxable Bond - Core Plus Bond,,,177,99.99129199,1.18166092,-2.19574294,-1.01408202,0,97.57904,4.40762436,-9.77264152,-5.36501716,0,98.398787,1.83369403,-2.50079722,-0.66710319,0,91.739836,1.21132645,-5.72644245,-4.515116,0,94.250558,6.59481865,-4.89221802,1.70260063,0,100.809191,8.32343178,-3.24183105,5.08160073,0,99.040286,1.19970332,-3.23801442,-2.0383111,0,98.116555,1.91104466,-2.94124459,-1.03019993,0,95.20695,0.57573615,-3.19048916,-2.61475301,0
Brandes,Wells Fargo,Wells Fargo,,Private Advisor Network,Emerging Markets Equity,SAUSA004TO,Dual Contract,Foreign Equity - Emerging Mkt Equity - Unhedged,,,68,21.82652426,0.0516913,-0.30892749,-0.25723619,0,21.25464704,0.03423634,-0.64269634,-0.60846,0,21.2559623,0.00711413,-0.06414883,-0.0570347,0,21.37535169,0.00178506,-0.04950636,-0.0477213,0,23.66357614,0.05147201,-0.01598161,0.0354904,0,23.47270955,0.00041007,-0.32296582,-0.32255575,0,25.85607401,0.00171053,-0.19932371,-0.19761318,0,25.40353158,0.0018481,-0.43372106,-0.43187296,0,26.46355091,1.38471874,-0.3479057,1.03681304,0
Brandes,Wells Fargo,Wells Fargo,,Masters,Enhanced Income ,F00000V7EQ,Sub Advisory Wrap,Balanced (Allocation) - Conservative Allocation,,,94,47.23634016,0.5931089,-1.71876796,-1.12565906,0,49.039704,0.62406966,-1.21161698,-0.58754732,0,49.423737,0.0065,-0.83404504,-0.82754504,0,51.822603,2.74628597,-2.42005445,0.32623152,0,49.316492,1.423956,-4.71984201,-3.29588601,0,50.084046,1.92323613,-1.65508162,0.26815451,0,51.285341,0.143,-0.23896059,-0.09596059,0,49.785241,0.91928842,-2.99171795,-2.07242953,0,48.255356,1.10864757,-2.27617742,-1.16752985,0
Brandes,Wells Fargo,Wells Fargo,,Private Advisor Network,European Equity,F00000V9MK,Dual Contract,Foreign Equity - Europe,,,29,25.80787245,0.28987797,-0.72814933,-0.43827136,0,23.4882016,0,-0.21762078,-0.21762078,0,25.20417332,0,-0.00675622,-0.00675622,0,25.7820815,0.028,-0.04853435,-0.02053435,0,27.4469692,0.838,-0.0058704,0.8321296,0,28.18080416,0.00325,-0.00812148,-0.00487148,0,29.21707252,0.00021289,-0.21599965,-0.21578676,0,29.24373929,0.247,-0.03317605,0.21382395,0,29.18797485,0.108,-0.10211261,0.00588739,0
Brandes,Wells Fargo,Wells Fargo,,Private Advisor Network,Global Balanced,F00000V7ER,Dual Contract,Balanced (Allocation) - Global Allocation (Global Balanced),,,11,9.16391304,0.0017374,-0.02072813,-0.01899073,0,9.21093478,0.10230008,-0.00341411,0.09888597,0,8.97848752,0,-0.58719983,-0.58719983,0,9.32249158,0.09212189,-0.07287647,0.01924542,0,9.36230257,0.1,-0.40409731,-0.30409731,0,9.47336669,0.01460576,-0.00746068,0.00714508,0,9.85640617,0.00361135,-0.00322541,0.00038594,0,9.57747074,0.00543531,-0.03453743,-0.02910212,0,8.77022816,0.21112347,-0.03998888,0.17113459,0
Brandes,Wells Fargo,Wells Fargo,,Masters,Global Balanced,F00000V7ER,Sub Advisory Wrap,Balanced (Allocation) - Global Allocation (Global Balanced),,,103,22.19187758,0.34097183,-0.97404102,-0.63306919,0,21.106661,0.40768036,-0.93448694,-0.52680658,0,21.602598,0.2439625,-0.74228965,-0.49832715,0,20.898638,0.18798091,-1.5012348,-1.31325389,0,21.944658,1.03665658,-1.12358497,-0.08692839,0,22.122234,1.11231882,-0.29652281,0.81579601,0,22.195954,0.10882193,-0.98719705,-0.87837512,0,23.149782,0.73052556,-0.40961978,0.32090578,0,24.70929,3.35544,-1.0492594,2.3061806,0
Brandes,Wells Fargo,Wells Fargo,,Private Advisor Network,Global Equity,F00000V6WS,Dual Contract,Foreign Equity - World Large Value,,,70,25.29888067,0.0024803,-0.57056358,-0.56808328,0,23.58210145,0,-0.79285159,-0.79285159,0,23.21676586,0,-0.90629447,-0.90629447,0,22.03563543,0,-1.25842467,-1.25842467,0,21.61088605,0,-0.71555698,-0.71555698,0,20.97184561,0.10653961,-0.5535209,-0.44698129,0,21.4340374,0.00006399,-0.21707864,-0.21701465,0,21.0299977,0.00016321,-0.6227302,-0.62256699,0,19.44187186,0.00133301,-0.47728035,-0.47594734,0
Brandes,Wells Fargo,Wells Fargo,,Masters,Global Equity,F00000V6WS,Sub Advisory Wrap,Foreign Equity - World Large Value,,,651,224.806977,1.60871581,-10.77499872,-9.16628291,0,215.554164,1.34924867,-13.98128074,-12.63203207,0,214.921869,0.19143629,-11.57994412,-11.38850783,0,208.664459,0.70770909,-17.1261821,-16.41847301,0,207.979405,3.69430944,-13.57006242,-9.87575298,0,207.904227,1.14424554,-8.43019966,-7.28595412,0,212.7463,1.23231077,-5.53192781,-4.29961704,0,209.683491,1.3620649,-12.81135813,-11.44929323,0,198.974053,0.74980324,-11.29908343,-10.54928019,0
Brandes,Wells Fargo,Wells Fargo,,Private Advisor Network,Global Small Cap Equity,FOUSA05Z36,Dual Contract,Foreign Equity - World Small Cap,,,2,6.02307392,0,0,0,0,5.88905203,0,-0.016,-0.016,0,6.3363282,0,0,0,0,7.88304934,0,-0.00002495,-0.00002495,0,9.55009169,1.5,-0.33424663,1.16575337,0,11.26591527,2,-0.60793831,1.39206169,0,11.07454658,0.1,-0.021,0.079,0,11.8155057,1.27405484,-0.61761323,0.65644161,0,1.98094988,0,-7.729487,-7.729487,0
Brandes,Wells Fargo,Wells Fargo,,Private Advisor Network,Global Small-Mid Cap Equity,F00000V6WW,Dual Contract,Foreign Equity - World Mid Cap,,,7,2.07486666,0.02993087,-0.0015,0.02843087,0,2.03502159,0,-0.0015,-0.0015,0,2.01758208,0,-0.03679007,-0.03679007,0,1.77947204,0,-0.06155945,-0.06155945,0,1.80915707,0,-0.028,-0.028,0,1.45354727,0,-0.08295713,-0.08295713,0,1.37602902,0,-0.0291209,-0.0291209,0,1.2778368,0.0003363,-0.09136645,-0.09103015,0,1.330446,0,0,0,0
Brandes,Wells Fargo,Wells Fargo,,Masters,Global Small-Mid Cap Equity,F00000V6WW,Sub Advisory Wrap,Foreign Equity - World Mid Cap,,,88,32.35605347,1.56488113,-1.19442604,0.37045509,0,29.510135,0.48372351,-2.77656357,-2.29284006,0,30.693941,0.1168131,-1.14390933,-1.02709623,0,31.959591,2.06290917,-1.69928862,0.36362055,0,29.293132,1.53749708,-4.53070768,-2.9932106,0,29.217665,0.56603199,-0.93605191,-0.37001992,0,29.536829,0.26731215,-0.9718828,-0.70457065,0,28.247014,0.440437,-1.9194386,-1.4790016,0,23.695537,0.50248277,-6.21109638,-5.70861361,0
Brandes,Wells Fargo,Wells Fargo,,Private Advisor Network,International Equity,F00000V6WT,Dual Contract,Foreign Equity - International All-Cap Value,,,57,74.66865841,1,-2.69994739,-1.69994739,0,70.19080381,0,-0.86556852,-0.86556852,0,72.02783059,0.02866061,-1.24567323,-1.21701262,0,73.29600055,0.9257434,-0.65146063,0.27428277,0,74.8786204,0.07500015,-1.33010719,-1.25510704,0,74.22999338,0,-1.47196802,-1.47196802,0,76.74089051,0.04120252,-0.70894264,-0.66774012,0,75.25926518,0.00642976,-0.38626761,-0.37983785,0,73.48900405,0.00011483,-1.08730816,-1.08719333,0
Brandes,Wells Fargo,Wells Fargo,,Masters,International Equity,F00000V6WT,Sub Advisory Wrap,Foreign Equity - International All-Cap Value,,,635,269.6756603,3.89816113,-11.51541666,-7.61725553,0,252.613079,2.36040315,-14.37805102,-12.01764787,0,260.656199,0.78199828,-11.70922969,-10.92723141,0,248.28931,1.84330728,-22.7392338,-20.89592652,0,255.23943,1.81680767,-5.55518561,-3.73837794,0,283.698242,26.48788377,-5.87717644,20.61070733,0,288.745641,3.7707138,-13.65313172,-9.88241792,0,288.269264,4.58538255,-12.92538297,-8.34000042,0,285.98504,6.50237655,-17.80146261,-11.29908606,0
Brandes,Wells Fargo,Wells Fargo,,Private Advisor Network,International Small Cap Value,SAUSA003TU,Dual Contract,Foreign Equity - International Small Cap Value,,,2,0.91615214,0,-0.05,-0.05,0,1.09583972,0,-0.02516058,-0.02516058,0,0.94449354,0,0,0,0,0.96614833,0,0,0,0,1.01365479,0,0,0,0,1.02416994,0,-0.014506,-0.014506,0,1.04812293,0,0,0,0,0.85264347,0.00015195,-0.02824897,-0.02809702,0,0.56922032,0,-0.26655775,-0.26655775,0
Brandes,Wells Fargo,Wells Fargo,,Private Advisor Network,International Small-Mid Cap Equity,SAUSA003JE,Dual Contract,Foreign Equity - Foreign Small/Mid Value,,,2,3.66866429,0,0,0,0,3.55969579,0,0,0,0,3.8585399,0,0,0,0,3.82344364,0,0,0,0,3.99169819,0,0,0,0,4.0760842,0.00008627,0,0.00008627,0,4.24525167,0,0,0,0,4.1826747,0.00296561,0,0.00296561,0,4.14062102,0,0,0,0
Brandes,Wells Fargo,Wells Fargo,,Masters,U.S. Small Cap Equity,F00000V6WU,Sub Advisory Wrap,Domestic Equity - Small Value,,,35,9.029783705,0.58510432,-0.067094,0.51801032,0,9.10048,0.50628627,-0.32623296,0.18005331,0,9.964598,0.35,-0.03135,0.31865,0,11.846084,0.37860541,-0.11341,0.26519541,0,12.277113,0.97738318,-0.40146935,0.57591383,0,12.169138,0.7757044,-0.53427404,0.24143036,0,11.943765,0.12531007,-0.39521447,-0.2699044,0,10.456193,0.09773887,-1.61743114,-1.51969227,0,9.058907,0,-1.20392169,-1.20392169,0
Brandes,Wells Fargo,Wells Fargo,,Private Advisor Network,U.S. Small Cap Equity,F00000V6WU,Dual Contract,Domestic Equity - Small Value,,,1,0.12979062,0,0,0,0,0.12971996,0,0,0,0,0.13911878,0,0,0,0,0.15720275,0,0,0,0,0.15346597,0,0,0,0,0.15828896,0,0,0,0,0.15948935,0,0,0,0,0.16051634,0,0,0,0,0.15636085,0,0,0,0
Brandes,Wells Fargo,Wells Fargo,,Private Advisor Network,U.S. Small-Mid Cap Equity,SAUSA0021G,Dual Contract,Domestic Equity - Mid Cap Value,,,0,0,0,-0.17845841,-0.17845841,0,0,0,0,0,0,0,0,0,0,0,0,0,0,0,0,0,0,0,0,0,0,0,0,0,0,0,0,0,0,0,0,0,0,0,0,0,0,0,0,0
Brandes,Wells Fargo,Wells Fargo,,Private Advisor Network,U.S. Value Equity,F00000V6WV,Dual Contract,Domestic Equity - All-Cap Value,,,2,1.5246733,0,-0.025375,-0.025375,0,1.51447212,0,-0.038375,-0.038375,0,1.58006948,0,-0.01731409,-0.01731409,0,1.63965112,0,-0.083375,-0.083375,0,1.50531478,0.00004124,-0.18921885,-0.18917761,0,1.50402048,0,-0.055,-0.055,0,0.68872921,0,-0.82546627,-0.82546627,0,0.64881652,0,-0.066605,-0.066605,0,0.27200017,0,-0.39279801,-0.39279801,0
Brandes,Wells Fargo,Wells Fargo,,Masters,U.S. Value Equity,F00000V6WV,Sub Advisory Wrap,Domestic Equity - All-Cap Value,,,278,71.68680869,0.58057198,-4.95852711,-4.37795513,0,71.731722,1.48072873,-3.06893123,-1.5882025,0,74.640589,1.1366913,-2.03679454,-0.90010324,0,81.435894,2.46803202,-1.63227301,0.83575901,0,84.774066,4.24593135,-3.41470497,0.83122638,0,83.845115,2.32664419,-4.7910857,-2.46444151,0,83.986062,1.12859205,-2.99963467,-1.87104262,0,82.768331,0.1098425,-5.20818678,-5.09834428,0,78.227565,0.95317231,-3.52161972,-2.56844741,0
Brandes,Wells Fargo DMA,Wells Fargo,,DMA,Core Plus Fixed Income,F00000V7EP,Model Delivery,Domestic Taxable Bond - Core Plus Bond,,,481,104.9117723,2.92782517,-4.68328678,-1.75546161,0,108.561284,3.70321099,-3.2626307,0.44058029,0,110.820995,3.27338575,-2.990786,0.28259975,0,113.248567,6.3651319,-2.84501707,3.52011483,0,120.834757,8.66300405,-3.364678,5.29832605,0,129.706666,8.47815885,-3.014682,5.46347685,0,130.542317,2.82558195,-2.8156831,0.00989885,0,131.833629,3.48827349,-3.69629755,-0.20802406,0,138.552336,8.52456181,-7.26333184,1.26122997,0
Brandes,Wells Fargo DMA,Wells Fargo,,DMA,Enhanced Income ,F00000V7EQ,Model Delivery,Balanced (Allocation) - Conservative Allocation,,,104,26.14892404,0.63892629,-1.35951777,-0.72059148,0,27.242522,0.495061,-1.37670992,-0.88164892,0,28.52122,1.142658,-0.405734,0.736924,0,27.103887,0.97929056,-3.61528234,-2.63599178,0,27.816931,1.645953,-1.79462584,-0.14867284,0,28.982333,1.204552,-0.4826535,0.7218985,0,29.313539,0.4622438,-1.33050109,-0.86825729,0,29.961093,1.277712,-0.8598397,0.4178723,0,30.040686,1.48300848,-0.68432239,0.79868609,0
Brandes,Wells Fargo DMA,Wells Fargo,,DMA,Global Balanced,F00000V7ER,Model Delivery,Balanced (Allocation) - Global Allocation (Global Balanced),,,83,8.670280607,0.906281,-0.63605077,0.27023023,0,9.142821,0.77309361,-0.16155445,0.61153916,0,9.257465,0.266942,-0.49667454,-0.22973254,0,9.152964,0.265464,-0.79189116,-0.52642716,0,9.189318,0.231003,-0.458405,-0.227402,0,9.629087,0.961846,-0.5919785,0.3698675,0,12.07479,2.34194943,-0.39173746,1.95021197,0,13.138964,0.8067132,-0.26256215,0.54415105,0,13.211701,0.871961,-0.71743107,0.15452993,0
Brandes,Wells Fargo DMA,Wells Fargo,,DMA,Global Equity,F00000V6WS,Model Delivery,Foreign Equity - World Large Value,,,195,38.5536987,1.1753037,-3.8349965,-2.6596928,0,37.018372,1.1043077,-2.07614682,-0.97183912,0,35.971083,0.59269209,-3.820163,-3.22747091,0,36.405833,1.24989371,-2.23557779,-0.98568408,0,37.023833,0.71695,-1.822165,-1.105215,0,38.923395,0.268409,-1.147278,-0.878869,0,40.623697,0.89311983,-1.51460274,-0.62148291,0,42.253757,0.42617993,-2.24848274,-1.82230281,0,38.025704,0.26954949,-4.00990068,-3.74035119,0
Brandes,Wells Fargo DMA,Wells Fargo,,DMA,Global Small-Mid Cap Equity,F00000V6WW,Model Delivery,Foreign Equity - World Mid Cap,,,188,35.45716104,3.28099676,-1.8824695,1.39852726,0,33.442526,0.88646994,-2.47934712,-1.59287718,0,35.431216,1.306335,-1.53634088,-0.23000588,0,35.979511,1.954888,-1.43788554,0.51700246,0,38.06563,2.253116,-1.918436,0.33468,0,40.063959,1.737642,-0.720478,1.017164,0,37.823565,4.12428684,-5.27143206,-1.14714522,0,39.879809,1.26880019,-1.78827682,-0.51947663,0,36.094783,0.62719698,-3.50326176,-2.87606478,0
Brandes,Wells Fargo DMA,Wells Fargo,,DMA,International Equity,F00000V6WT,Model Delivery,Foreign Equity - International All-Cap Value,,,364,65.51534747,1.66244096,-3.03291454,-1.37047358,0,64.695832,3.12522474,-1.48501362,1.64021112,0,68.948676,2.498032,-3.48929178,-0.99125978,0,67.493347,1.63026689,-5.86885721,-4.23859032,0,73.536281,3.755678,-2.82863653,0.92704147,0,75.231256,3.444938,-4.00191,-0.556972,0,76.732321,5.34489116,-5.03085883,0.31403233,0,79.337939,1.44145624,-3.07360022,-1.63214398,0,78.681312,2.22222305,-5.26686711,-3.04464406,0
Brandes,Wells Fargo DMA,Wells Fargo,,DMA,U.S. Small Cap Equity,F00000V6WU,Model Delivery,Domestic Equity - Small Value,,,33,4.24620386,0.764519,-0.09279675,0.67172225,0,4.492976,0.52465315,-0.17835118,0.34630197,0,4.882942,0.27389,-0.260028,0.013862,0,5.812836,0.452052,-0.14549,0.306562,0,6.192691,0.344928,-0.126337,0.218591,0,6.640497,0.359094,-0.111954,0.24714,0,6.697747,0.194251,-0.086456,0.107795,0,6.712857,0.42385,-0.48691733,-0.06306733,0,5.921504,0.14251654,-0.750729,-0.60821246,0
Brandes,Wells Fargo DMA,Wells Fargo,,DMA,U.S. Value Equity,F00000V6WV,Model Delivery,Domestic Equity - All-Cap Value,,,128,24.24404939,1.022552,-0.49720317,0.52534883,0,22.803255,0.403361,-2.20548844,-1.80212744,0,23.306129,0.920396,-1.25262,-0.332224,0,25.60231,0.320228,-0.660986,-0.340758,0,26.709474,1.45262,-1.4047,0.04792,0,29.831679,1.779278,-0.625966,1.153312,0,31.001708,0.61973894,-0.176137,0.44360194,0,32.824359,1.77738938,-1.3549275,0.42246188,0,31.464161,0.6733,-0.87330878,-0.20000878,0
